GEO_KEY,GEO_ID,CENSUS_TRACT,EMPLOYMENT STATUS,IN_LABOR_FORCE,IN_LABOR_FORCE_PCT,NOT_IN_LABOR_FORCE,NOT_IN_LABOR_FORCE_PCT,UNEMPLOYMENT_RATE,TRAVEL_TIME_MEAN,OCCUPATION_TOTAL,OCCUPATION_MGT_BUS,OCCUPATION_SERVICE,OCCUPATION_SLS_OFFICE,OCCUPATION_CONSTRUCTION_MAINTENANCE,OCCUPATION_TRANS_PRODUCTION,INDUSTRY_TOTAL,INDUSTRY_AGG_FORESTRY_FISH,INDUSTRY_CONSTRUCTION,INDUSTRY_MANUF,INDUSTRY_WHOLESALE,INDUSTRY_RETAIL,INDUSTRY_TRANSPORTATION,INDUSTRY_INFORMATION,INDUSTRY_FINANCE,INDUSTRY_PROF_MGT,INDUSTRY_HEALTH_EDUC_SOCIAL_SERVICE,INDUSTRY_ARTS_ENTERTAIN_FOOD,INDUSTRY_OTHER,INDUSTRY_PUBLIC_ADMIN,CLASS_TOTAL,CLASS_PRIVATE,CLASS_GOVT,CLASS_SELF_EMPL,CLASS_UNPAID_FAMILY_WORKER,TOTAL_2017_INCOME_HOUSEHOLDS,INCOME_LESS_10000,INCOME_10K_15K,INCOME_15K_25K,INCOME_25K_35K,INCOME_35K_50K,INCOME_50K_75K,INCOME_75K_100K,INCOME_100K_150K,INCOME_150K_200K,INCOME_GREATER_200K,MEAN_INCOME_HOUSEHOLDS,MEAN_INCOME_DLLRS,INCOME_PLUS_BENEFITS_TOTAL_HH,INCOME_PLUS_BENEFITS_LESS_10K,INCOME_PLUS_BENEFITS_10K_15K,INCOME_PLUS_BENEFITS_15K_25K,INCOME_PLUS_BENEFITS_25K_35K,INCOME_PLUS_BENEFITS_35K_50K,INCOME_PLUS_BENEFITS_50K_75K,INCOME_PLUS_BENEFITS_75K_100K,INCOME_PLUS_BENEFITS_100K_150K,INCOME_PLUS_BENEFITS_150K_200K,INCOME_PLUS_BENEFITS_200K_PLUS
1400000US42003486700,42003486700,4867,1606,996,62,610,38,20.7,33.3,790,147,244,273,31,95,790,0,40,47,11,167,12,0,59,104,234,53,39,24,790,714,68,8,0,1019,331,106,162,26,109,125,58,50,12,40,64448,53691,586,153,36,115,18,44,113,45,50,12,0
1400000US42003101600,42003101600,1016,684,345,50.4,339,49.6,18.6,31.4,281,90,81,98,6,6,281,0,0,15,3,22,17,4,36,26,116,36,6,0,281,226,55,0,0,398,111,6,71,57,71,36,16,20,0,10,72786,49716,313,108,12,42,25,54,31,16,19,0,6
1400000US42003982200,42003982200,9822,4644,1482,31.9,3162,68.1,18,14.3,1215,314,332,491,11,67,1215,0,11,34,8,257,8,27,12,25,518,245,44,26,1215,1134,53,28,0,19,6,5,4,0,0,0,0,0,4,0,45384,44847,4,0,0,0,0,0,0,0,0,4,0
1400000US42003422000,42003422000,4220,3975,2401,60.4,1574,39.6,4.9,26.3,2283,1717,57,478,7,24,2283,0,91,169,98,132,30,57,221,479,831,48,93,34,2283,1842,134,307,0,1869,0,21,66,27,83,163,166,284,230,829,267231,40255,1647,0,7,0,14,83,135,166,232,216,794
1400000US42003563300,42003563300,5633,1120,736,65.7,384,34.3,1.2,30.1,727,428,66,172,25,36,727,3,21,83,43,72,32,10,97,90,195,38,36,7,727,647,35,43,2,555,11,8,48,24,21,57,32,84,33,237,282563,38164,437,7,3,13,7,10,31,32,70,31,233
1400000US42003523600,42003523600,5236,4125,2576,62.4,1549,37.6,3.1,29,2497,913,659,599,79,247,2497,45,75,253,36,194,98,99,270,53,739,215,174,246,2497,1983,447,60,7,1999,71,128,118,138,156,517,393,351,38,89,92400,32505,1329,58,17,76,101,129,243,276,321,38,70
1400000US42003140100,42003140100,1401,4977,2271,45.6,2706,54.4,5.9,15.9,2136,1305,373,335,45,78,2136,32,42,62,55,121,6,49,51,309,1116,216,62,15,2136,1940,87,101,8,899,37,52,18,59,39,53,50,113,104,374,222330,30974,575,0,24,10,14,22,42,15,55,66,327
1400000US42003473300,42003473300,4733,4237,2757,65.1,1480,34.9,1.7,27.2,2711,1690,275,531,111,104,2711,35,91,177,116,233,56,121,253,550,776,94,103,106,2711,2176,341,194,0,2189,102,42,105,160,170,366,205,537,170,332,124889,30561,1469,43,0,14,42,76,189,178,440,187,300
1400000US42003472200,42003472200,4722,1975,1495,75.7,480,24.3,2.6,29.5,1456,727,201,343,117,68,1456,18,79,121,42,56,72,26,247,242,387,97,47,22,1456,1288,132,36,0,1050,8,76,88,105,89,120,282,180,80,22,95332,30425,532,0,8,42,30,14,86,216,86,39,11
1400000US42003140200,42003140200,1402,2251,1340,59.5,911,40.5,3.7,18.9,1291,857,126,228,27,53,1291,0,27,37,10,84,21,33,97,233,574,122,38,15,1291,1110,52,129,0,1041,135,50,99,73,117,93,62,137,122,153,123128,29081,418,23,15,27,6,16,6,20,70,120,115
1400000US42003130200,42003130200,1302,1042,561,53.8,481,46.2,16.4,33.7,469,173,164,80,15,37,469,0,10,0,0,63,0,11,11,28,187,69,39,51,469,372,97,0,0,491,62,46,82,57,119,23,11,56,4,31,72390,28467,373,45,25,57,32,119,22,5,38,4,26
1400000US42003070300,42003070300,703,2037,1438,70.6,599,29.4,1.7,19.7,1413,1038,138,195,9,33,1413,0,50,49,12,84,78,44,139,229,508,114,80,26,1413,1252,147,14,0,1139,45,25,153,29,221,196,72,156,76,166,128666,27238,346,0,0,6,0,27,30,18,91,50,124
1400000US42003980100,42003980100,9801,26,22,84.6,4,15.4,0,0,22,9,0,0,0,13,22,0,0,0,0,0,13,0,0,5,4,0,0,0,22,17,0,5,0,22,0,0,5,0,0,0,13,4,0,0,72909,27025,5,0,0,5,0,0,0,0,0,0,0
1400000US42003456003,42003456003,4560.03,5318,3828,72,1490,28,3.4,28.7,3698,1956,430,848,264,200,3698,108,316,294,115,390,139,14,298,764,823,299,86,52,3698,3453,201,44,0,2629,89,53,169,49,249,496,323,466,235,500,137280,25181,1813,17,39,15,33,178,303,151,375,235,467
1400000US42003446000,42003446000,4460,1413,839,59.4,574,40.6,4.2,25.6,804,560,59,149,4,32,804,14,12,95,36,56,82,10,83,125,209,36,40,6,804,704,47,53,0,712,21,16,22,39,35,90,41,110,77,261,228367,24928,581,10,9,13,28,16,64,34,95,64,248
1400000US42003140300,42003140300,1403,2959,2166,73.2,793,26.8,2.2,20.3,2118,1599,128,292,58,41,2118,8,6,71,23,162,30,64,190,334,1019,110,81,20,2118,1779,119,220,0,1489,68,11,111,76,39,166,167,314,139,398,167859,24759,873,0,11,0,35,19,58,133,201,104,312
1400000US42003491101,42003491101,4911.01,5348,3611,67.5,1737,32.5,4.2,33.4,3459,1694,468,951,155,191,3459,37,233,192,137,519,187,82,412,445,735,223,161,96,3459,3181,195,83,0,2567,31,97,135,90,223,408,224,576,419,364,137711,24031,1944,18,0,72,15,175,255,192,480,405,332
1400000US42003473601,42003473601,4736.01,3030,1845,60.9,1185,39.1,2.9,26.5,1792,1233,142,335,29,53,1792,9,69,136,16,182,46,70,213,337,456,137,95,26,1792,1554,110,128,0,1607,63,26,72,122,142,145,114,383,198,342,163053,22957,1058,9,9,0,22,48,89,99,326,154,302
1400000US42003413100,42003413100,4131,5401,3562,66,1839,34,2.9,27.3,3460,2180,195,917,110,58,3460,73,155,249,114,223,149,45,585,597,926,213,75,56,3460,2980,263,194,23,2683,125,97,134,100,144,229,338,603,321,592,148473,22358,1927,42,26,47,22,31,111,242,558,290,558
1400000US42003439000,42003439000,4390,1088,697,64.1,391,35.9,2.9,27.3,677,353,66,174,39,45,677,7,26,41,35,80,43,0,94,93,153,34,47,24,677,578,62,37,0,538,22,0,25,39,59,54,70,97,46,126,154941,21702,390,12,0,16,27,21,31,63,62,43,115
1400000US42003427200,42003427200,4272,4028,2735,67.9,1293,32.1,9.1,23.9,2486,1045,489,579,200,173,2486,16,239,205,61,205,56,61,204,306,796,135,141,61,2486,2148,173,165,0,2205,153,60,117,301,222,419,468,325,85,55,81768,21581,1310,59,42,83,202,103,187,285,250,63,36
1400000US42003414200,42003414200,4142,4538,2858,63,1680,37,3.6,26.9,2754,1477,325,544,129,279,2754,0,85,244,44,311,154,31,254,413,863,219,106,30,2754,2477,128,149,0,2228,65,0,196,143,194,369,268,370,209,414,129430,21533,1683,41,0,84,47,67,277,260,284,209,414
1400000US42003020300,42003020300,203,868,782,90.1,86,9.9,1.9,19.2,767,601,36,114,0,16,767,10,0,98,8,102,32,30,52,186,152,47,33,17,767,672,57,38,0,641,16,18,21,17,52,145,102,126,83,61,114397,21523,122,0,0,0,10,7,38,4,13,22,28
1400000US42003564100,42003564100,5641,741,504,68,237,32,3,26.8,489,311,38,109,21,10,489,7,31,58,13,36,8,19,54,98,98,35,14,18,489,392,43,54,0,358,5,5,10,13,15,33,33,78,64,102,179444,21396,275,2,0,0,3,8,25,21,68,54,94
1400000US42003429100,42003429100,4291,2212,1521,68.8,691,31.2,5.4,23.6,1439,782,186,335,71,65,1439,0,94,126,53,177,45,8,79,156,503,103,72,23,1439,1281,133,25,0,1142,45,62,107,78,78,281,103,290,31,67,90400,21388,668,0,32,29,15,26,160,55,261,31,59
1400000US42003415001,42003415001,4150.01,3706,2531,68.3,1175,31.7,1.9,27.5,2484,1117,381,562,245,179,2484,44,161,215,97,244,116,74,258,231,689,239,60,56,2484,2090,214,180,0,1622,0,43,40,81,155,256,259,342,214,232,137862,21082,1349,25,0,22,38,146,184,243,266,214,211
1400000US42003423000,42003423000,4230,2187,1543,70.6,644,29.4,7,25.1,1435,918,212,224,48,33,1435,0,63,67,27,98,13,47,167,200,517,89,93,54,1435,1258,109,68,0,1269,37,15,142,77,214,226,95,156,117,190,121860,20966,723,23,0,19,38,81,89,72,113,107,181
1400000US42003474101,42003474101,4741.01,2786,1812,65,974,35,3.6,31.9,1747,1087,133,377,107,43,1747,51,114,118,64,78,35,78,181,335,498,114,51,30,1747,1521,99,114,13,1345,75,17,64,56,144,145,159,210,119,356,160114,20423,1029,23,7,0,46,79,127,136,151,119,341
1400000US42003474102,42003474102,4741.02,2775,1691,60.9,1084,39.1,3.2,35.8,1630,1007,142,376,73,32,1630,8,62,135,79,157,67,20,196,248,437,72,136,13,1630,1429,122,79,0,1361,36,33,69,76,56,231,108,248,182,322,153488,19680,1064,12,15,7,15,55,147,100,218,173,322
1400000US42003409000,42003409000,4090,9686,6616,68.3,3070,31.7,4.6,29.4,6314,4119,549,1214,224,208,6314,17,149,497,172,641,188,121,958,955,1833,447,259,77,6314,5776,386,152,0,4449,90,39,105,56,218,469,488,800,572,1612,187501,18653,3688,59,22,28,39,170,235,358,734,550,1493
1400000US42003474202,42003474202,4742.02,3983,2355,59.1,1628,40.9,3.7,31.9,2269,1626,162,424,27,30,2269,54,114,220,58,122,65,19,284,568,535,132,9,89,2269,1879,191,199,0,1869,22,35,79,61,79,228,195,359,209,602,175276,18541,1509,22,26,37,15,45,178,177,292,171,546
1400000US42003140400,42003140400,1404,1913,1399,73.1,514,26.9,2.1,21.1,1370,1081,86,164,4,35,1370,0,4,78,4,44,11,20,125,193,724,81,54,32,1370,1188,118,64,0,979,10,28,35,35,57,103,118,135,99,359,192133,18492,672,0,11,9,23,32,51,57,114,86,289
1400000US42003473402,42003473402,4734.02,2874,1880,65.4,994,34.6,1.6,27.5,1850,1214,197,388,18,33,1850,27,47,96,17,212,46,54,304,247,562,150,60,28,1850,1647,138,65,0,1517,65,0,108,83,147,180,145,287,167,335,143064,18371,1011,8,0,20,34,63,88,106,219,167,306
1400000US42003405000,42003405000,4050,928,608,65.5,320,34.5,3,26.5,590,184,87,151,68,100,590,5,70,101,16,81,14,8,50,30,116,34,44,21,590,533,41,16,0,473,7,21,29,44,74,91,67,68,57,15,92497,18297,303,3,7,2,15,51,70,64,59,17,15
1400000US42003050600,42003050600,506,1889,922,48.8,967,51.2,6.9,29,858,351,238,114,24,131,858,0,7,26,10,64,54,25,47,53,332,71,45,124,858,674,154,30,0,906,102,129,95,29,126,134,46,115,63,67,71036,18189,473,39,23,21,0,52,86,27,138,63,24
1400000US42003414101,42003414101,4141.01,4243,3103,73.1,1140,26.9,1.2,27.6,3067,1433,655,680,105,194,3067,0,83,312,202,142,119,47,269,396,841,257,219,180,3067,2656,318,93,0,1969,27,26,78,141,127,312,467,346,277,168,116240,18034,1523,0,0,32,57,96,195,406,292,277,168
1400000US42003111300,42003111300,1113,2458,1684,68.5,774,31.5,2.9,26.4,1636,790,421,257,29,139,1636,6,14,49,11,242,86,46,146,176,568,151,103,38,1636,1333,195,108,0,1350,133,97,218,166,182,168,111,118,74,83,74601,17898,622,57,0,106,82,33,84,53,91,40,76
1400000US42003070800,42003070800,708,1790,1199,67,591,33,1.6,25.3,1180,877,115,149,12,27,1180,33,11,103,32,53,0,34,55,254,511,83,11,0,1180,1117,31,32,0,1068,115,23,63,114,97,237,174,99,68,78,85647,17859,299,13,0,0,0,61,56,37,69,14,49
1400000US42003190300,42003190300,1903,1711,1201,70.2,510,29.8,0.8,23.1,1191,673,184,177,76,81,1191,11,45,83,11,78,69,5,141,218,260,160,66,44,1191,965,134,92,0,1009,57,21,98,114,65,185,193,154,67,55,86905,17814,374,24,7,10,61,19,82,26,69,21,55
1400000US42003475402,42003475402,4754.02,2426,1672,68.9,754,31.1,3.7,39.6,1610,919,163,391,56,81,1610,17,151,100,75,198,25,14,259,221,364,100,54,32,1610,1375,109,126,0,1246,37,0,48,100,134,218,183,230,151,145,117424,17748,921,21,0,18,24,69,151,132,225,143,138
1400000US42003564200,42003564200,5642,1854,1171,63.2,683,36.8,5.1,30.3,1111,465,184,210,102,150,1111,29,60,84,14,102,45,20,110,154,295,99,73,26,1111,966,58,87,0,1064,40,74,90,125,129,190,177,129,28,82,86671,17638,639,2,10,6,65,99,115,153,112,14,63
1400000US42003402000,42003402000,4020,2601,1660,63.8,941,36.2,6,26.8,1561,449,332,363,144,273,1561,0,83,196,65,265,136,13,166,81,348,130,53,25,1561,1433,98,30,0,1440,154,75,245,129,235,306,110,99,27,60,66720,17521,695,32,13,36,44,133,224,64,74,27,48
1400000US42003488300,42003488300,4883,1853,1136,61.3,717,38.7,3.2,28.2,1100,470,160,259,126,85,1100,5,128,80,0,133,63,28,132,133,279,45,53,21,1100,960,95,45,0,934,46,19,109,88,106,206,124,141,52,43,85042,17458,617,22,0,23,44,57,141,108,141,45,36
1400000US42003451104,42003451104,4511.04,2770,2039,73.6,731,26.4,5.2,27.1,1924,1063,183,338,184,156,1924,30,92,323,49,229,134,41,77,190,491,129,88,51,1924,1657,195,72,0,1282,36,19,27,37,53,209,184,395,177,145,133106,17457,1044,14,0,0,17,53,171,164,325,155,145
1400000US42003415002,42003415002,4150.02,2041,1287,63.1,754,36.9,5.1,25.5,1221,618,150,299,139,15,1221,0,129,116,61,131,39,12,92,123,373,58,49,38,1221,1028,124,63,6,1000,33,6,53,60,121,78,143,254,91,161,136531,17438,690,13,6,18,0,68,45,124,208,86,122
1400000US42003474201,42003474201,4742.01,1859,1158,62.3,701,37.7,1.3,31.4,1143,732,88,254,39,30,1143,22,26,97,33,103,20,27,193,241,297,34,38,12,1143,992,90,58,3,899,19,0,43,47,49,54,194,135,132,226,158310,17379,701,7,0,0,5,21,54,130,126,132,226
1400000US42003451300,42003451300,4513,5850,4210,72,1640,28,2.1,22.5,4101,2096,419,1034,194,358,4101,32,78,603,104,502,237,50,477,637,776,383,127,95,4101,3675,216,210,0,2731,13,23,101,284,173,394,293,547,292,611,146160,17312,2156,13,14,16,118,132,297,256,484,262,564
1400000US42003481000,42003481000,4810,2554,1593,62.4,961,37.6,19,31.8,1291,358,319,401,50,163,1291,11,34,66,8,163,144,20,94,151,298,237,50,15,1291,1173,79,39,0,1250,229,114,141,128,236,175,97,98,0,32,57158,17131,755,133,49,50,132,173,87,64,47,0,20
1400000US42003412002,42003412002,4120.02,4163,2798,67.2,1365,32.8,4.4,27.2,2676,1771,213,514,113,65,2676,21,156,259,99,160,18,60,323,578,750,146,96,10,2676,2414,155,107,0,1871,18,18,27,68,117,175,195,421,260,572,177778,17039,1513,8,0,9,35,68,91,176,337,255,534
1400000US42003473401,42003473401,4734.01,2836,1971,69.5,865,30.5,2.7,28.6,1918,1136,204,447,72,59,1918,18,92,157,38,224,50,32,218,337,495,172,61,24,1918,1559,107,236,16,1546,132,19,63,165,128,255,105,248,135,296,129184,17028,911,52,0,27,52,47,103,80,176,135,239
1400000US42003411000,42003411000,4110,6238,4017,64.4,2221,35.6,6.3,27.7,3765,2462,388,680,159,76,3765,54,221,351,41,354,41,49,553,579,1037,279,142,64,3765,3283,252,230,0,2900,114,0,158,101,201,515,148,531,437,695,150695,16868,2238,40,0,14,49,118,352,148,424,423,670
1400000US42003090100,42003090100,901,1801,1345,74.7,456,25.3,1.7,24.3,1313,714,236,303,33,27,1313,36,26,115,21,86,0,61,183,174,412,118,53,28,1313,1200,82,31,0,1041,39,30,108,106,149,170,167,67,103,102,91373,16572,391,4,7,65,13,57,75,52,5,58,55
1400000US42003475304,42003475304,4753.04,4697,3211,68.4,1486,31.6,3.8,30.6,3088,1649,322,835,80,202,3088,0,60,310,84,368,119,125,395,468,709,220,87,143,3088,2606,306,176,0,2228,70,15,149,155,183,371,445,506,149,185,106331,16551,1668,28,0,60,86,122,254,388,396,149,185
1400000US42003516200,42003516200,5162,1388,1136,81.8,252,18.2,3.4,27.8,1097,641,210,175,52,19,1097,7,34,55,33,66,7,6,75,130,411,192,22,59,1097,945,122,30,0,859,18,20,72,68,97,215,101,107,58,103,105918,16476,385,11,0,0,4,34,68,79,62,43,84
1400000US42003561900,42003561900,5619,2155,975,45.2,1180,54.8,19.7,31.5,783,305,286,141,14,37,783,0,14,48,7,50,30,8,56,67,349,95,45,14,783,655,116,12,0,1073,227,132,209,96,145,157,56,39,3,9,40912,16245,549,62,62,134,62,69,80,38,39,3,0
1400000US42003432300,42003432300,4323,1865,1187,63.6,678,36.4,1.7,24.3,1167,471,295,255,68,78,1167,12,94,37,11,89,44,42,23,205,404,105,92,9,1167,1034,98,35,0,1188,67,42,309,169,106,203,135,137,10,10,60059,16133,476,13,0,68,17,41,107,108,122,0,0
1400000US42003445500,42003445500,4455,3023,1954,64.6,1069,35.4,3.4,24.1,1887,998,175,423,97,194,1887,24,78,184,32,304,110,54,166,242,381,73,142,97,1887,1630,165,92,0,1742,96,16,99,247,219,237,174,237,155,262,121551,15887,974,35,0,0,56,109,130,114,181,148,201
1400000US42003140600,42003140600,1406,2734,2126,77.8,608,22.2,4.5,25.2,2030,1461,230,247,30,62,2030,0,20,103,37,103,56,27,123,260,1013,189,71,28,2030,1724,174,132,0,1466,65,66,94,112,94,252,183,214,155,231,122263,15807,898,14,58,43,19,32,98,122,194,135,183
1400000US42003473500,42003473500,4735,2992,1923,64.3,1069,35.7,7.3,31.7,1783,1167,160,340,73,43,1783,9,72,121,78,92,126,29,145,407,502,79,100,23,1783,1584,94,105,0,1287,0,9,60,80,38,181,161,270,176,312,158523,15806,1083,0,0,0,33,28,169,138,266,172,277
1400000US42003141400,42003141400,1414,4783,2933,61.3,1850,38.7,3.6,21.6,2813,1958,308,394,63,90,2813,0,34,121,15,159,0,47,202,426,1381,265,90,73,2813,2383,204,216,10,2517,186,243,192,155,219,306,347,380,149,340,107729,15625,1263,21,26,33,67,59,96,212,322,155,272
1400000US42003070900,42003070900,709,4104,2287,55.7,1817,44.3,4.5,23.9,2185,1736,153,191,70,35,2185,17,41,126,42,68,32,30,92,410,1193,106,23,5,2185,1922,144,119,0,2470,616,232,251,333,133,297,193,80,206,129,66822,15535,514,38,11,17,89,22,74,25,43,88,107
1400000US42003472100,42003472100,4721,2083,1541,74,542,26,7.1,27.6,1431,688,213,409,59,62,1431,9,99,87,82,109,44,23,109,348,335,139,25,22,1431,1326,38,67,0,1248,33,48,140,190,255,269,128,122,15,48,71102,15437,548,17,0,27,84,82,146,79,65,15,33
1400000US42003100500,42003100500,1005,1691,1087,64.3,604,35.7,4.8,24.5,1035,518,174,205,41,97,1035,35,11,44,0,95,85,12,101,65,367,39,109,72,1035,739,231,65,0,910,79,61,115,68,155,109,116,134,42,31,76488,15426,537,41,23,26,37,85,73,91,116,29,16
1400000US42003519000,42003519000,5190,2446,1531,62.6,915,37.4,6.6,27.2,1430,863,150,276,82,59,1430,0,32,129,0,110,34,19,201,198,565,27,68,47,1430,1200,123,107,0,1270,40,0,28,73,194,200,197,244,168,126,113257,15332,935,32,0,0,45,128,119,158,205,122,126
1400000US42003110600,42003110600,1106,1934,1274,65.9,660,34.1,1.3,23.4,1258,825,102,272,35,24,1258,0,28,70,0,97,0,17,77,241,539,68,93,28,1258,1100,83,75,0,1098,98,93,89,70,62,184,107,128,91,176,101625,15303,528,34,0,10,22,10,84,56,94,79,139
1400000US42003475101,42003475101,4751.01,3943,2469,62.6,1474,37.4,2.5,29,2407,971,473,549,167,247,2407,51,87,225,40,278,72,58,167,445,463,323,121,77,2407,2195,183,29,0,2235,66,77,209,340,214,420,361,370,105,73,83187,15162,1219,24,0,63,82,120,196,291,297,87,59
1400000US42003419000,42003419000,4190,2699,1451,53.8,1248,46.2,4.5,24.2,1386,439,292,333,89,233,1386,9,40,179,36,176,120,9,155,117,299,175,54,17,1386,1252,42,92,0,1421,58,39,118,168,276,253,183,175,84,67,88124,15006,763,16,0,34,47,120,110,160,150,76,50
1400000US42003141000,42003141000,1410,797,555,69.6,242,30.4,5.4,26.2,525,417,29,42,15,22,525,0,11,30,5,18,9,24,24,137,197,28,30,12,525,447,36,42,0,454,6,10,20,30,64,76,35,79,83,51,110209,14982,265,5,0,0,6,13,25,20,68,83,45
1400000US42003451105,42003451105,4511.05,4244,3427,80.7,817,19.3,8.2,26.8,3145,1341,511,662,530,101,3145,59,446,315,45,224,184,92,199,622,417,325,185,32,3145,2801,207,137,0,2189,153,67,289,252,240,385,123,397,199,84,80030,14724,1101,53,73,147,32,81,144,49,249,199,74
1400000US42003120300,42003120300,1203,1322,803,60.7,519,39.3,18.3,29.2,656,185,216,160,19,76,656,0,0,97,0,30,0,0,56,116,261,56,8,32,656,570,78,8,0,733,51,90,114,124,105,116,54,70,0,9,52552,14638,441,39,15,50,76,76,98,28,54,0,5
1400000US42003421100,42003421100,4211,3682,2119,57.6,1563,42.4,5.3,25.5,2007,1327,116,429,57,78,2007,14,52,193,98,102,28,98,194,378,608,112,69,61,2007,1763,143,101,0,1933,141,19,156,130,164,313,234,269,164,343,113446,14533,1181,14,0,32,26,139,136,177,201,156,300
1400000US42003476200,42003476200,4762,2880,2058,71.5,822,28.5,6.6,25.1,1922,802,298,476,151,195,1922,0,110,121,26,348,78,40,152,277,355,237,103,75,1922,1684,161,20,57,1451,88,109,143,119,193,276,230,216,54,23,72274,14449,968,15,77,35,56,136,239,152,203,32,23
1400000US42003060300,42003060300,603,2107,1657,78.6,450,21.4,7.8,21.7,1527,944,175,232,54,122,1527,10,18,210,51,84,43,91,66,127,591,106,66,64,1527,1296,141,90,0,1246,88,79,164,161,66,250,164,133,58,83,79274,14274,439,8,36,34,42,18,126,66,71,25,13
1400000US42003477100,42003477100,4771,2790,1664,59.6,1126,40.4,4.1,29.6,1596,727,211,386,143,129,1596,50,162,163,46,121,74,75,132,128,367,85,143,50,1596,1331,178,77,10,1531,76,44,105,109,203,314,251,318,58,53,86055,14197,929,15,0,21,78,130,180,166,260,45,34
1400000US42003191100,42003191100,1911,2155,1465,68,690,32,1.1,23.6,1449,685,289,266,118,91,1449,0,37,99,23,158,85,48,181,210,346,116,72,74,1449,1198,219,32,0,1238,72,48,149,139,107,211,197,177,69,69,84435,14140,567,20,9,54,42,41,71,119,137,38,36
1400000US42003434000,42003434000,4340,1485,1064,71.6,421,28.4,2.5,25.8,1037,613,107,233,47,37,1037,17,50,87,39,106,28,25,131,149,251,80,66,8,1037,923,51,63,0,760,15,30,19,32,70,128,89,185,90,102,124060,14040,529,4,3,6,22,28,75,62,150,86,93
1400000US42003516100,42003516100,5161,1137,915,80.5,222,19.5,3.5,27.8,883,571,121,153,20,18,883,7,13,53,0,54,13,32,120,143,325,49,50,24,883,762,73,48,0,710,9,74,26,49,80,83,88,128,88,85,108202,13964,349,0,35,7,14,3,26,45,82,62,75
1400000US42003020100,42003020100,201,4682,3185,68,1497,32,4.1,17.7,3054,1881,435,633,16,89,3054,13,77,150,34,377,124,94,499,453,725,408,75,25,3054,2835,95,124,0,2370,294,100,204,177,129,218,187,396,149,516,115568,13920,676,78,0,28,12,12,0,35,183,91,237
1400000US42003220600,42003220600,2206,1489,1057,71,432,29,3.7,21,1018,573,94,270,25,56,1018,23,27,86,0,80,53,38,82,174,214,130,84,27,1018,904,68,46,0,971,66,104,127,90,107,131,77,114,72,83,83086,13779,276,0,0,7,25,2,38,33,68,47,56
1400000US42003180700,42003180700,1807,1770,1174,66.3,596,33.7,3.5,22.4,1133,500,308,198,25,102,1133,0,28,35,30,128,25,58,111,193,197,254,36,38,1133,1056,53,24,0,987,88,48,78,181,111,234,97,85,38,27,65229,13558,376,14,18,15,79,58,62,42,42,19,27
1400000US42003410000,42003410000,4100,962,578,60.1,384,39.9,2.9,27.2,561,354,41,109,28,29,561,8,22,58,18,60,10,18,42,88,148,35,40,14,561,462,58,41,0,471,24,4,4,20,23,72,64,104,55,101,139284,13457,354,0,0,0,16,13,48,52,93,48,84
1400000US42003564400,42003564400,5644,5018,3004,59.9,2014,40.1,6.4,32.4,2811,933,240,712,433,493,2811,89,180,300,191,443,191,27,171,187,595,160,193,84,2811,2533,162,116,0,2711,196,151,250,338,460,506,381,240,99,90,67159,13441,1602,47,24,16,248,324,354,291,187,89,22
1400000US42003210700,42003210700,2107,1809,1249,69,560,31,6.7,21.6,1165,541,321,153,72,78,1165,67,86,54,0,122,50,17,69,156,302,162,56,24,1165,983,160,22,0,1129,122,89,113,116,217,228,89,50,62,43,60313,13386,437,16,31,45,53,104,79,17,26,55,11
1400000US42003488600,42003488600,4886,4039,2533,62.7,1506,37.3,9,27.5,2304,723,381,570,257,373,2304,19,156,300,9,181,275,14,201,177,518,239,149,66,2304,1954,241,109,0,2185,250,49,276,138,247,435,325,331,106,28,70031,13328,1357,58,0,183,87,115,260,231,289,106,28
1400000US42003412001,42003412001,4120.01,6700,4423,66,2277,34,4.7,31,4214,2920,192,715,145,242,4214,34,166,383,131,427,202,114,496,751,1104,227,126,53,4214,3817,281,116,0,3352,59,0,130,118,84,628,377,777,450,729,148813,13313,2566,0,0,17,36,84,332,307,672,402,716
1400000US42003417200,42003417200,4172,1097,747,68.1,350,31.9,8.3,28.8,685,178,143,198,42,124,685,0,29,100,45,136,34,6,61,56,156,32,16,14,685,585,34,66,0,653,95,36,97,91,48,161,37,71,6,11,59283,13292,328,11,8,20,40,37,108,30,57,6,11
1400000US42003447000,42003447000,4470,1261,833,66.1,428,33.9,2.5,28.8,812,416,104,174,54,64,812,7,45,57,12,101,42,8,46,105,259,74,38,18,812,728,55,29,0,599,2,20,40,20,79,90,97,104,60,87,121071,13253,481,0,9,20,9,51,77,69,101,60,85
1400000US42003040400,42003040400,404,1969,822,41.7,1147,58.3,5.2,18.9,779,481,128,119,35,16,779,0,14,13,6,43,18,22,56,101,335,128,33,10,779,654,46,79,0,1197,361,56,123,165,128,154,90,57,31,32,49269,13124,311,34,0,10,37,40,64,52,23,31,20
1400000US42003488100,42003488100,4881,1831,1170,63.9,661,36.1,8.9,28.7,1066,304,188,284,130,160,1066,0,97,96,58,90,84,42,81,58,301,87,25,47,1066,923,103,40,0,922,50,57,110,106,168,141,100,122,57,11,68903,13103,519,13,10,37,34,55,121,96,99,48,6
1400000US42003080600,42003080600,806,1842,1451,78.8,391,21.2,8.8,24.2,1323,962,151,162,20,28,1323,9,65,49,18,119,51,31,64,175,558,89,67,28,1323,1169,106,48,0,1082,68,37,62,174,108,197,167,115,45,109,86499,12895,313,6,0,9,9,19,17,45,73,45,90
1400000US42003474203,42003474203,4742.03,3573,2376,66.5,1197,33.5,2.4,33.8,2319,1336,220,520,121,122,2319,15,80,195,56,271,94,35,262,497,566,132,72,44,2319,1969,190,160,0,1669,27,7,26,68,71,241,212,514,221,282,139437,12795,1402,19,7,0,36,49,158,197,455,221,260
1400000US42003473100,42003473100,4731,3832,2658,69.4,1174,30.6,4.8,26.1,2530,1549,244,485,96,156,2530,70,27,197,27,204,204,42,412,381,614,183,123,46,2530,2222,140,155,13,2165,54,130,228,107,205,343,178,355,277,288,105786,12775,1083,0,15,22,13,77,172,80,216,229,259
1400000US42003270800,42003270800,2708,2197,1400,63.7,797,36.3,11.7,25.5,1236,504,260,321,35,116,1236,0,38,73,15,129,50,48,137,198,249,164,73,62,1236,1096,112,28,0,1112,148,90,70,92,64,258,146,148,81,15,69647,12675,654,43,20,42,73,37,175,83,115,59,7
1400000US42003560500,42003560500,5605,2205,1784,80.9,421,19.1,7.7,24.3,1636,1133,105,262,25,111,1636,23,14,149,39,113,44,62,164,235,674,70,30,19,1636,1429,124,83,0,1342,37,20,149,140,277,173,177,108,130,131,87595,12586,531,0,0,11,12,52,39,115,96,110,96
1400000US42003111400,42003111400,1114,1106,719,65,387,35,12.9,28.3,626,246,133,152,22,73,626,6,35,26,0,68,28,25,31,102,177,94,9,25,626,534,42,43,7,596,130,80,68,28,75,119,56,12,6,22,50143,12504,298,69,25,18,12,32,79,27,12,6,18
1400000US42003414102,42003414102,4141.02,5989,3825,63.9,2164,36.1,1.3,25.9,3774,1920,355,1054,162,283,3774,84,179,297,63,534,186,16,515,319,1120,178,225,58,3774,3298,278,198,0,3037,159,42,198,273,328,465,315,524,310,423,112543,12476,2107,18,25,0,85,217,331,295,417,310,409
1400000US42003413202,42003413202,4132.02,2138,1352,63.2,786,36.8,2.6,28.5,1317,702,86,326,129,74,1317,9,112,116,45,164,83,65,133,198,287,32,63,10,1317,1172,75,70,0,1206,66,59,86,112,144,136,170,205,136,92,94047,12213,708,8,19,8,25,70,62,124,196,116,80
1400000US42003170600,42003170600,1706,1629,1187,72.9,442,27.1,6.4,24.5,1111,537,239,195,71,69,1111,11,39,44,14,170,42,26,54,196,312,168,23,12,1111,968,65,78,0,869,61,74,94,82,141,157,100,60,55,45,70102,12013,293,9,6,16,31,64,89,39,0,9,30
1400000US42003491200,42003491200,4912,1680,1094,65.1,586,34.9,4.3,28.4,1047,516,148,222,65,96,1047,6,75,85,27,139,80,6,70,79,339,84,25,32,1047,948,70,22,7,881,29,52,55,89,113,214,97,97,87,48,84131,11997,517,0,0,5,31,46,153,88,74,76,44
1400000US42003525300,42003525300,5253,1853,1173,63.3,680,36.7,5.1,25.4,1113,585,157,208,85,78,1113,0,54,119,13,84,56,5,85,167,271,139,79,41,1113,948,95,70,0,938,20,22,61,98,115,187,106,109,93,127,104067,11779,577,16,15,22,30,61,58,92,71,85,127
1400000US42003561500,42003561500,5615,2581,1590,61.6,991,38.4,14.2,31.2,1364,621,334,180,40,189,1364,31,21,48,0,67,116,29,172,118,406,212,61,83,1364,1108,137,119,0,1738,198,122,410,213,332,316,41,81,12,13,45422,11718,629,56,72,123,64,105,96,41,57,12,3
1400000US42003070600,42003070600,706,1910,1405,73.6,505,26.4,2.5,24.4,1370,954,122,263,0,31,1370,0,0,122,9,142,38,14,72,199,638,73,34,29,1370,1213,100,57,0,1263,98,36,138,115,193,243,164,155,41,80,77077,11639,295,0,0,0,0,50,93,17,54,10,71
1400000US42003110200,42003110200,1102,3732,2555,68.5,1177,31.5,3.5,24.3,2465,1189,532,538,100,106,2465,0,29,105,20,349,84,36,218,250,834,295,154,91,2465,2108,210,147,0,1996,121,77,232,245,259,319,254,211,138,140,82072,11634,946,22,13,126,57,125,92,75,184,112,140
1400000US42003320600,42003320600,3206,1841,1320,71.7,521,28.3,8.4,25.9,1209,466,200,337,85,121,1209,0,63,68,31,83,64,11,143,176,324,107,78,61,1209,1028,142,39,0,1015,58,65,108,54,156,253,167,95,18,41,71488,11565,577,5,33,48,18,73,113,162,78,18,29
1400000US42003478200,42003478200,4782,4186,2615,62.5,1571,37.5,5.4,31.6,2473,538,392,1004,227,312,2473,11,221,151,73,458,146,28,197,290,460,216,125,97,2473,2137,225,111,0,2084,121,110,181,166,305,549,261,261,109,21,70670,11456,1416,102,13,89,122,193,388,172,228,109,0
1400000US42003462600,42003462600,4626,2668,1818,68.1,850,31.9,9.5,27.3,1645,483,383,376,146,257,1645,0,151,97,44,278,71,10,200,133,344,236,46,35,1645,1439,140,66,0,1433,173,93,147,188,300,250,123,103,28,28,54365,11411,795,90,43,86,81,135,209,59,62,16,14
1400000US42003475303,42003475303,4753.03,3111,1966,63.2,1145,36.8,5.4,32.8,1860,1094,116,466,102,82,1860,8,86,107,72,181,58,39,136,279,595,115,88,96,1860,1477,268,115,0,1570,55,33,85,93,177,243,267,360,160,97,99585,11385,1149,44,7,24,23,93,184,226,309,160,79
1400000US42003429400,42003429400,4294,3528,2577,73,951,27,3.6,25.3,2483,1136,374,621,212,140,2483,5,199,195,68,211,107,12,229,302,677,226,135,117,2483,2046,273,164,0,1863,73,74,76,79,306,360,276,411,97,111,91357,11362,1241,21,26,9,35,211,233,173,355,87,91
1400000US42003408001,42003408001,4080.01,3982,2387,59.9,1595,40.1,2.6,28.4,2324,1151,251,433,342,147,2324,20,310,195,36,345,55,13,140,288,451,127,275,69,2324,1983,190,151,0,2084,150,188,114,154,106,332,334,250,249,207,97603,11348,1464,67,16,44,38,93,255,295,211,249,196
1400000US42003408002,42003408002,4080.02,4801,3232,67.3,1569,32.7,2.8,30.6,3143,1492,402,855,211,183,3143,38,111,261,171,429,155,44,270,377,958,48,201,80,3143,2624,357,162,0,2279,32,48,119,150,260,207,323,509,366,265,112871,11321,1762,8,48,14,59,136,178,248,468,368,235
1400000US42003473602,42003473602,4736.02,3752,2003,53.4,1749,46.6,2.5,29.1,1953,1409,113,311,62,58,1953,0,47,114,73,175,77,95,228,318,564,160,50,52,1953,1524,198,231,0,2047,49,129,169,92,250,278,283,451,112,234,97038,11235,1263,0,0,33,33,117,167,219,360,100,234
1400000US42003459102,42003459102,4591.02,5183,3262,62.9,1921,37.1,0.6,22.4,3242,1718,243,804,241,236,3242,12,232,369,159,326,347,43,333,431,708,128,154,0,3242,3073,116,53,0,2494,18,20,190,70,250,382,513,508,242,301,106807,11160,1685,18,0,72,46,154,179,309,443,185,279
1400000US42003421200,42003421200,4212,3543,2349,66.3,1194,33.7,2.4,23,2292,1303,218,511,119,141,2292,0,109,260,60,182,82,25,182,386,697,126,143,40,2292,1956,188,148,0,1718,58,56,73,58,159,228,373,298,158,257,117058,11139,1261,9,26,29,28,102,120,295,279,150,223
1400000US42003552000,42003552000,5520,2028,1243,61.3,785,38.7,17.3,36.6,1028,158,334,227,130,179,1028,18,81,42,55,103,68,0,120,55,331,62,53,40,1028,947,63,18,0,1134,180,67,208,167,208,150,64,66,0,24,43746,11080,600,85,12,110,45,95,130,64,59,0,0
1400000US42003451101,42003451101,4511.01,3155,2166,68.7,989,31.3,2.3,23.5,2117,1175,225,534,56,127,2117,9,23,184,50,187,155,50,315,327,476,219,60,62,2117,1880,136,101,0,1523,22,25,41,90,218,349,179,298,154,147,110179,11070,953,20,7,38,17,57,184,136,226,126,142
1400000US42003562500,42003562500,5625,2091,1272,60.8,819,39.2,9.1,26.4,1156,272,219,308,155,202,1156,0,157,86,38,168,86,38,92,163,238,45,18,27,1156,965,180,11,0,1101,98,87,282,111,214,124,58,87,0,40,48053,10926,665,71,12,108,76,146,100,64,48,0,40
1400000US42003468800,42003468800,4688,2054,1413,68.8,641,31.2,7.1,24.9,1312,499,302,300,98,113,1312,10,103,93,18,195,46,18,117,162,373,109,59,9,1312,1225,55,32,0,1223,178,83,212,158,87,179,150,113,0,63,59441,10912,645,95,49,110,21,56,102,76,81,0,55
1400000US42003458000,42003458000,4580,6805,4372,64.2,2433,35.8,5,26.3,4141,2045,321,1317,306,152,4141,85,141,329,116,480,334,237,340,604,994,222,199,60,4141,3613,389,139,0,3762,148,80,215,313,448,661,472,657,273,495,105241,10865,2216,49,23,64,115,264,335,286,516,190,374
1400000US42003470501,42003470501,4705.01,3092,2099,67.9,993,32.1,2.8,28.4,2022,1175,223,549,36,39,2022,55,45,191,53,129,46,19,399,394,529,61,85,16,2022,1868,53,101,0,1974,42,31,109,121,349,430,358,382,65,87,83536,10856,837,46,12,50,33,73,175,187,190,31,40
1400000US42003512000,42003512000,5120,1947,1187,61,760,39,8.7,23,1084,250,323,210,111,190,1084,39,23,144,36,73,48,17,57,145,203,87,212,0,1084,1063,5,16,0,1116,86,142,184,181,152,202,64,24,55,26,48255,10708,538,46,42,36,48,104,155,53,32,9,13
1400000US42003459101,42003459101,4591.01,1419,862,60.7,557,39.3,7.9,24.1,794,363,94,190,79,68,794,0,84,120,13,133,93,6,31,80,108,65,39,22,794,648,95,51,0,683,17,31,71,43,108,109,129,126,19,30,79103,10699,535,5,12,65,24,62,82,124,112,19,30
1400000US42003111500,42003111500,1115,2725,1701,62.4,1024,37.6,6.7,22.5,1587,896,284,299,38,70,1587,0,38,38,0,91,45,34,77,134,865,213,44,8,1587,1415,81,91,0,1788,239,211,365,258,265,253,109,55,10,23,43711,10680,533,48,13,136,69,165,61,25,16,0,0
1400000US42003101100,42003101100,1011,2308,1870,81,438,19,3.2,23,1810,938,339,334,102,97,1810,11,81,101,17,286,54,16,153,343,421,219,81,27,1810,1641,106,63,0,1303,102,97,76,201,179,233,142,216,29,28,67256,10646,442,21,8,13,97,72,74,76,35,18,28
1400000US42003160800,42003160800,1608,2579,1824,70.7,755,29.3,5.6,25.1,1722,889,290,416,33,94,1722,15,44,116,23,206,43,50,174,209,494,211,97,40,1722,1504,60,158,0,1318,66,94,230,159,146,219,136,104,102,62,65556,10501,586,0,22,70,71,102,114,73,50,51,33
1400000US42003492700,42003492700,4927,1686,1214,72,472,28,13.2,32.4,1054,268,323,223,126,114,1054,1,76,106,31,92,59,27,50,111,311,90,71,29,1054,962,68,24,0,857,117,59,130,115,100,149,81,76,20,10,54610,10475,521,53,12,67,69,51,126,76,47,15,5
1400000US42003456001,42003456001,4560.01,2743,1941,70.8,802,29.2,2.3,25.4,1869,702,208,618,109,232,1869,14,135,146,192,198,150,61,170,182,425,120,46,30,1869,1504,184,181,0,1284,74,31,74,92,134,174,227,198,183,97,96788,10470,946,25,21,23,57,112,80,167,198,166,97
1400000US42003522000,42003522000,5220,2648,1598,60.3,1050,39.7,9.6,26.4,1445,324,382,308,188,243,1445,29,80,116,21,293,84,12,22,103,499,114,58,14,1445,1324,49,72,0,1498,200,86,251,208,282,240,121,74,17,19,48812,10458,819,50,56,50,152,169,195,57,66,12,12
1400000US42003010300,42003010300,103,6454,1733,26.9,4721,73.1,12.1,15.2,1524,598,497,363,7,59,1524,26,0,35,0,339,0,36,45,79,574,314,54,22,1524,1459,59,6,0,291,51,6,96,19,38,44,12,13,12,0,40462,10456,126,21,6,44,10,9,11,12,13,0,0
1400000US42003120800,42003120800,1208,577,186,32.2,391,67.8,29,33.5,132,21,68,18,0,25,132,0,0,3,0,14,10,0,4,28,42,11,20,0,132,119,13,0,0,235,17,72,39,20,24,31,4,21,0,7,41082,10434,142,7,54,14,12,6,21,4,17,0,7
1400000US42003562000,42003562000,5620,2644,1587,60,1057,40,13,19.5,1381,1076,144,144,6,11,1381,0,24,20,25,64,0,0,31,147,907,77,80,6,1381,1237,138,6,0,1813,608,226,300,158,170,106,15,126,38,66,39866,10409,325,36,16,28,34,46,46,15,20,38,46
1400000US42003101800,42003101800,1018,2299,1596,69.4,703,30.6,3.7,22.8,1537,855,228,232,116,106,1537,40,43,91,10,68,79,35,93,106,576,121,103,172,1537,1152,343,42,0,1185,44,48,94,127,182,291,126,94,111,68,75291,10343,721,35,0,17,55,78,174,109,109,111,33
1400000US42003140800,42003140800,1408,3741,2411,64.4,1330,35.6,3.2,21.3,2334,1707,224,335,37,31,2334,0,45,120,44,143,38,69,125,364,1116,178,62,30,2334,1940,181,203,10,1954,218,87,166,128,117,248,256,341,147,246,103058,10340,989,0,0,38,22,66,109,182,250,128,194
1400000US42003430200,42003430200,4302,3735,2811,75.3,924,24.7,4.2,23.8,2693,991,408,753,341,200,2693,16,262,130,32,354,209,117,169,165,649,313,136,141,2693,2329,275,89,0,2118,89,120,184,159,407,232,391,400,49,87,78444,10329,1140,0,0,59,106,166,103,260,331,49,66
1400000US42003515401,42003515401,5154.01,1864,1313,70.4,551,29.6,6.7,27.3,1225,715,194,254,34,28,1225,10,16,107,9,80,26,19,97,158,519,74,65,45,1225,1007,142,76,0,1025,17,40,120,107,111,179,157,196,55,43,80106,10224,539,48,0,27,34,47,106,80,134,36,27
1400000US42003523701,42003523701,5237.01,3464,2116,61.1,1348,38.9,6.4,30.3,1980,816,446,436,112,170,1980,13,102,143,57,227,81,38,112,188,648,195,102,74,1980,1620,217,143,0,1802,116,40,179,253,325,323,189,243,89,45,70150,10214,1166,61,27,81,82,218,196,153,222,81,45
1400000US42003262000,42003262000,2620,2176,1444,66.4,732,33.6,10,22.2,1300,347,406,282,132,133,1300,0,145,32,22,123,50,10,85,124,358,156,50,145,1300,917,255,128,0,1208,193,113,230,114,144,181,114,70,35,14,49114,10148,650,150,59,100,29,70,77,73,43,35,14
1400000US42003459201,42003459201,4592.01,5157,3674,71.2,1483,28.8,3.5,25.4,3513,1658,389,1023,269,174,3513,149,283,264,105,385,284,90,406,639,471,248,119,70,3513,3219,193,101,0,2847,91,123,287,226,244,317,470,494,356,239,95279,10126,1511,0,30,17,58,154,180,297,350,207,218
1400000US42003160900,42003160900,1609,3127,2106,67.3,1021,32.7,3.4,21.4,2035,1345,140,472,28,50,2035,31,48,132,18,307,43,49,242,501,431,91,62,80,2035,1819,170,46,0,1692,159,198,140,118,191,238,124,357,93,74,74007,10095,448,0,24,7,11,74,45,64,130,69,24
1400000US42003413400,42003413400,4134,3479,2102,60.4,1377,39.6,2.9,27.4,2040,1140,146,516,69,169,2040,0,74,218,50,305,62,79,237,235,517,102,72,89,2040,1768,222,50,0,1643,17,39,83,134,86,340,215,313,205,211,110669,10056,1254,6,21,21,51,40,240,180,279,205,211
1400000US42003413500,42003413500,4135,5788,3839,66.3,1949,33.7,4.1,26.9,3683,2076,609,586,151,261,3683,6,157,109,83,434,169,95,396,627,1000,349,193,65,3683,3170,367,146,0,2890,206,62,341,201,398,405,442,570,187,78,78376,9835,1417,36,0,26,13,236,194,212,486,136,78
1400000US42003470300,42003470300,4703,3508,1930,55,1578,45,2.7,25,1873,766,368,490,64,185,1873,7,56,165,46,129,86,28,263,217,505,202,116,53,1873,1594,189,66,24,1758,74,31,181,118,165,455,282,293,79,80,82337,9818,979,46,8,26,55,110,181,185,209,79,80
1400000US42003051000,42003051000,510,2013,884,43.9,1129,56.1,7.6,20.3,817,279,247,214,9,68,817,14,0,16,21,123,8,35,50,137,307,85,0,21,817,761,33,23,0,724,184,145,216,16,63,25,46,7,0,22,28853,9741,173,18,38,71,0,5,18,0,7,0,16
1400000US42003473200,42003473200,4732,2454,1585,64.6,869,35.4,1.6,26.8,1560,999,127,285,68,81,1560,13,51,88,47,196,26,25,146,286,431,105,39,107,1560,1300,136,116,8,1551,60,43,245,167,183,179,137,317,93,127,86578,9713,761,10,8,47,71,40,64,56,276,76,113
1400000US42003456004,42003456004,4560.04,3940,2612,66.3,1328,33.7,5.1,25.8,2480,1262,356,533,120,209,2480,39,136,164,16,295,66,110,207,293,702,252,122,78,2480,2105,189,186,0,2128,90,49,265,138,230,348,395,322,149,142,83965,9698,1135,15,17,57,14,44,202,276,253,128,129
1400000US42003281400,42003281400,2814,2003,1232,61.5,771,38.5,9.7,26.4,1113,349,263,318,30,153,1113,6,21,101,21,115,42,35,178,120,217,158,16,83,1113,941,118,54,0,1082,212,65,154,123,159,167,38,118,41,5,51945,9696,683,153,23,85,77,109,98,25,85,23,5
1400000US42003465800,42003465800,4658,2775,2059,74.2,716,25.8,2.9,28.6,2000,807,315,490,183,205,2000,0,108,178,76,254,88,44,108,265,537,256,73,13,2000,1858,55,87,0,1563,56,14,173,169,188,327,235,304,64,33,77218,9678,837,19,0,30,39,134,154,164,208,64,25
1400000US42003525200,42003525200,5252,2039,1163,57,876,43,5.2,28.4,1103,583,138,239,95,48,1103,0,92,59,23,123,49,11,84,119,315,117,67,44,1103,935,91,77,0,1201,63,112,121,141,107,291,186,124,25,31,63621,9621,538,10,16,11,21,45,181,119,91,13,31
1400000US42003552300,42003552300,5523,1698,1000,58.9,698,41.1,22,25.3,780,236,287,94,28,135,780,12,6,63,0,27,86,0,27,79,337,74,16,53,780,598,142,28,12,877,126,100,183,100,110,142,70,17,9,20,43043,9599,490,31,68,52,86,59,94,62,9,9,20
1400000US42003452000,42003452000,4520,4299,3054,71,1245,29,5.5,26.3,2831,1269,406,681,200,275,2831,46,162,301,169,277,330,15,225,334,515,132,110,215,2831,2248,349,234,0,2224,86,47,161,248,238,300,415,378,230,121,87836,9591,1422,41,29,29,68,107,206,321,270,230,121
1400000US42003260700,42003260700,2607,1413,1077,76.2,336,23.8,8.3,24.4,988,573,169,125,31,90,988,0,73,65,14,43,35,34,84,190,307,53,39,51,988,779,138,71,0,738,29,29,48,110,143,60,72,150,83,14,75279,9502,457,4,0,14,56,86,51,36,132,73,5
1400000US42003521402,42003521402,5214.02,3226,2106,65.3,1120,34.7,5,32.1,2001,1173,221,393,97,117,2001,0,77,161,55,126,92,28,240,296,546,154,156,70,2001,1749,141,111,0,1517,44,58,46,85,123,226,192,419,167,157,107918,9408,1219,0,18,21,26,99,172,180,379,167,157
1400000US42003310300,42003310300,3103,726,488,67.2,238,32.8,4.1,25.9,468,240,58,92,43,35,468,0,28,8,0,30,38,17,12,65,149,29,43,49,468,327,118,23,0,397,13,0,39,71,23,66,64,67,49,5,78667,9373,259,0,0,7,34,14,49,48,61,42,4
1400000US42003562600,42003562600,5626,2026,1280,63.2,746,36.8,12.8,22.8,1116,348,304,249,84,131,1116,5,80,78,24,146,61,26,86,154,263,56,54,83,1116,842,201,73,0,1026,132,100,158,131,155,113,100,87,50,0,46935,9359,612,43,59,44,107,73,63,86,87,50,0
1400000US42003470502,42003470502,4705.02,2593,1530,59,1063,41,2.6,28.9,1478,821,143,376,52,86,1478,0,39,80,24,124,77,21,247,287,430,68,30,51,1478,1227,193,58,0,1300,13,38,150,58,112,260,155,238,194,82,93719,9316,892,0,0,69,15,49,176,145,183,194,61
1400000US42003290400,42003290400,2904,3224,2028,62.9,1196,37.1,16.1,31.8,1702,440,402,421,187,252,1702,0,82,143,64,221,140,27,85,281,381,149,45,84,1702,1428,214,60,0,1863,214,209,181,277,251,299,195,194,30,13,53817,9302,1033,107,74,49,100,141,259,104,156,30,13
1400000US42003475301,42003475301,4753.01,4022,2772,68.9,1250,31.1,3.1,29.2,2687,914,518,819,197,239,2687,15,206,218,105,448,82,74,271,291,626,287,64,0,2687,2413,147,127,0,2066,55,49,221,143,367,434,201,469,93,34,73392,9292,1345,0,0,24,84,225,390,172,388,62,0
1400000US42003521500,42003521500,5215,3594,2262,62.9,1332,37.1,4.6,29,2157,1051,341,502,113,150,2157,10,97,149,24,307,115,25,149,326,596,247,48,64,2157,1820,213,106,18,1869,57,89,130,152,344,348,298,289,96,66,78827,9276,1156,0,17,30,73,167,230,252,234,87,66
1400000US42003437000,42003437000,4370,4634,3500,75.5,1134,24.5,3.6,26.5,3375,2024,284,656,120,291,3375,11,62,228,0,367,270,49,350,592,1026,217,150,53,3375,2982,316,77,0,2222,12,44,79,60,75,383,362,660,330,217,117100,9252,1699,0,16,52,60,34,179,270,568,303,217
1400000US42003426400,42003426400,4264,3659,2655,72.6,1004,27.4,6.4,24.8,2485,983,364,663,213,262,2485,0,198,183,52,256,181,32,246,174,722,278,133,30,2485,2193,195,97,0,2018,109,94,169,122,224,581,322,281,76,40,71093,9241,1090,14,0,36,0,122,283,261,258,76,40
1400000US42003523200,42003523200,5232,3318,2364,71.2,954,28.8,12.4,30.4,2070,805,381,449,97,338,2070,12,45,186,0,130,138,73,195,240,549,201,156,145,2070,1726,284,60,0,1729,145,119,182,272,194,290,152,236,60,79,63267,9231,1165,34,56,119,176,159,190,136,204,68,23
1400000US42003170200,42003170200,1702,3489,2702,77.4,787,22.6,2.6,21.8,2632,1492,392,540,41,167,2632,46,34,71,16,347,82,34,319,559,577,349,29,169,2632,2205,243,163,21,1951,209,111,179,211,304,172,161,356,202,46,72144,9212,323,0,11,0,86,54,23,7,102,18,22
1400000US42003250300,42003250300,2503,938,683,72.8,255,27.2,2.9,23.5,663,380,99,117,19,48,663,0,0,42,43,43,35,62,76,38,151,96,23,54,663,547,92,24,0,570,51,20,111,52,34,91,102,53,27,29,66830,9199,228,10,15,63,33,3,11,26,29,14,24
1400000US42003525100,42003525100,5251,1670,1211,72.5,459,27.5,3,24.9,1175,656,133,307,15,64,1175,5,30,155,55,108,36,0,51,236,318,106,47,28,1175,1052,54,69,0,954,31,12,73,91,78,123,195,193,76,82,94979,9131,531,6,0,17,21,41,79,105,137,71,54
1400000US42003521401,42003521401,5214.01,2430,1564,64.4,866,35.6,3.6,33,1507,605,172,400,132,198,1507,12,71,146,120,211,100,0,137,151,365,139,17,38,1507,1364,105,38,0,1288,49,49,106,188,108,241,255,207,48,37,72167,9116,732,10,16,21,56,38,207,161,144,42,37
1400000US42003090200,42003090200,902,2582,1714,66.4,868,33.6,4.6,23.5,1636,926,254,251,83,122,1636,0,99,113,44,140,51,19,118,250,609,121,30,42,1636,1460,123,53,0,1326,81,42,185,122,125,335,185,146,57,48,68127,9069,563,54,5,41,63,35,133,91,88,38,15
1400000US42003191700,42003191700,1917,2997,2020,67.4,977,32.6,7.9,27.6,1860,823,422,332,97,186,1860,13,101,83,31,159,112,20,222,197,433,206,91,192,1860,1438,374,40,8,1524,85,71,140,180,224,267,197,273,15,72,72257,9051,908,26,50,64,100,92,151,122,224,7,72
1400000US42003060500,42003060500,605,1212,908,74.9,304,25.1,4.7,18.5,865,467,139,139,54,66,865,12,29,61,54,40,42,60,30,80,246,133,57,21,865,690,80,95,0,716,28,82,148,50,91,76,77,111,32,21,64406,9005,260,14,0,11,22,28,23,59,83,12,8
1400000US42003202300,42003202300,2023,3512,2489,70.9,1023,29.1,2.5,19.9,2427,1050,747,428,61,141,2427,30,89,69,32,201,98,0,259,345,583,327,198,196,2427,2019,350,58,0,1909,101,31,189,215,301,447,211,335,46,33,68950,8964,845,0,0,40,105,111,119,147,244,46,33
1400000US42003141300,42003141300,1413,4762,2817,59.2,1945,40.8,1.6,21.7,2772,2175,208,247,64,78,2772,0,90,119,34,156,28,27,325,368,1304,181,56,84,2772,2375,262,135,0,2508,292,100,269,284,353,326,361,260,138,125,66465,8918,886,65,0,57,91,91,76,205,115,108,78
1400000US42003424000,42003424000,4240,2878,1930,67.1,948,32.9,13.3,23.4,1674,544,280,485,136,229,1674,0,75,175,38,399,54,24,160,205,370,68,44,62,1674,1462,150,62,0,1561,223,55,272,174,173,368,142,88,9,57,52001,8918,812,39,10,114,72,145,229,70,67,9,57
1400000US42003270400,42003270400,2704,923,625,67.7,298,32.3,10.6,20.8,559,121,190,109,62,77,559,17,20,2,6,85,62,5,54,34,144,82,16,32,559,462,52,38,7,449,32,40,31,40,111,98,59,24,5,9,54741,8909,287,25,6,15,29,58,78,50,17,0,9
1400000US42003475200,42003475200,4752,3790,2495,65.8,1295,34.2,5.1,30.1,2368,1076,360,590,195,147,2368,20,187,174,58,289,88,44,234,386,567,163,88,70,2368,2059,137,172,0,1915,109,41,120,174,185,305,350,342,118,171,92855,8873,1365,45,11,4,71,127,213,296,328,125,145
1400000US42003426300,42003426300,4263,5018,3344,66.6,1674,33.4,5.4,26.9,3162,1742,317,779,101,223,3162,0,102,189,145,361,79,28,493,391,1019,191,99,65,3162,2820,291,51,0,2469,64,65,105,161,288,478,433,479,266,130,94130,8818,1785,15,0,29,85,197,281,375,426,266,111
1400000US42003453004,42003453004,4530.04,5886,4406,74.9,1480,25.1,2.5,23.7,4262,1940,494,1196,351,281,4262,101,186,594,110,696,351,87,379,558,612,366,156,66,4262,3895,172,195,0,3195,71,90,140,201,304,623,540,750,229,247,98465,8801,1770,52,29,31,105,165,255,264,447,229,193
1400000US42003475401,42003475401,4754.01,3168,1908,60.2,1260,39.8,2.3,34.7,1858,735,194,568,137,224,1858,20,124,156,71,188,135,31,308,181,489,94,41,20,1858,1710,102,46,0,1587,61,54,85,116,171,334,261,318,107,80,90540,8791,1167,25,0,29,61,132,202,253,299,86,80
1400000US42003240600,42003240600,2406,1862,1316,70.7,546,29.3,4.9,25.5,1252,622,222,279,38,91,1252,0,28,118,19,171,17,60,142,133,373,122,41,28,1252,1044,104,104,0,1151,109,114,76,163,128,177,116,192,51,25,64215,8779,437,28,28,7,15,82,86,63,82,21,25
1400000US42003480300,42003480300,4803,2713,1926,71,787,29,2.5,30,1870,687,349,533,207,94,1870,9,160,169,42,235,110,25,165,141,565,127,75,47,1870,1589,214,67,0,1382,43,17,94,134,144,319,172,281,85,93,85793,8750,942,16,0,42,104,103,185,120,214,75,83
1400000US42003151700,42003151700,1517,4742,3582,75.5,1160,24.5,5.9,24.1,3370,1868,506,643,207,146,3370,19,97,204,122,252,139,59,327,604,964,348,116,119,3370,2843,340,187,0,2442,144,69,193,156,373,518,391,300,130,168,78864,8724,1393,54,32,94,64,144,288,239,240,130,108
1400000US42003261500,42003261500,2615,1221,732,60,489,40,11.6,29,647,206,214,157,24,46,647,0,7,37,0,46,15,44,73,79,220,84,23,19,647,555,77,15,0,745,191,66,125,6,119,108,68,41,21,0,40166,8720,332,81,0,24,0,58,77,35,36,21,0
1400000US42003477200,42003477200,4772,3509,2062,58.8,1447,41.2,6,29.7,1938,865,268,522,119,164,1938,15,101,153,32,199,135,16,158,251,527,169,85,97,1938,1648,260,30,0,1771,98,14,225,131,243,318,247,263,170,62,80931,8662,1125,9,0,54,49,111,256,185,242,157,62
1400000US42003526101,42003526101,5261.01,6005,3875,64.5,2130,35.5,2,33.2,3799,1705,446,1083,285,280,3799,0,191,455,211,581,211,55,336,335,1023,208,166,27,3799,3112,341,322,24,2997,32,33,176,182,304,457,470,717,339,287,103855,8611,2124,12,19,32,48,114,318,328,684,297,272
1400000US42003561700,42003561700,5617,699,399,57.1,300,42.9,8.5,33.9,365,74,149,48,67,27,365,4,64,26,3,22,11,3,32,27,82,40,42,9,365,329,20,16,0,344,42,6,42,88,65,66,19,14,0,2,41572,8538,229,0,0,30,53,61,50,19,14,0,2
1400000US42003429202,42003429202,4292.02,3522,2366,67.2,1156,32.8,2.9,22.9,2298,1225,281,602,144,46,2298,9,55,295,53,195,55,60,300,343,625,163,92,53,2298,2105,149,44,0,1863,48,88,76,208,277,266,270,383,165,82,87751,8529,1185,0,20,10,102,143,168,205,308,156,73
1400000US42003429500,42003429500,4295,3670,2385,65,1285,35,4.2,26.4,2270,1207,263,581,34,185,2270,0,39,73,133,241,62,48,399,327,631,142,112,63,2270,1980,163,127,0,2278,149,79,291,218,242,527,212,351,136,73,71694,8501,960,17,0,34,78,49,211,168,213,117,73
1400000US42003562700,42003562700,5627,1689,1248,73.9,441,26.1,6.6,23.7,1166,749,145,194,47,31,1166,27,34,41,0,99,53,18,146,181,393,115,54,5,1166,1078,58,30,0,1205,205,122,124,149,154,224,96,92,11,28,51648,8472,264,12,29,21,19,37,29,42,47,6,22
1400000US42003562300,42003562300,5623,2670,1021,38.2,1649,61.8,11.9,26.1,899,179,265,187,164,104,899,5,77,16,14,85,58,0,122,71,226,61,125,39,899,773,94,32,0,1408,495,239,169,102,41,189,76,80,10,7,32973,8435,763,190,109,45,104,29,139,71,69,0,7
1400000US42003140500,42003140500,1405,1819,1349,74.2,470,25.8,5.6,20.5,1274,689,322,222,41,0,1274,0,15,27,0,66,46,21,120,227,556,114,37,45,1274,999,110,165,0,1044,95,62,84,134,63,217,213,151,17,8,62272,8427,436,62,9,14,0,9,92,112,113,17,8
1400000US42003427100,42003427100,4271,4703,3041,64.7,1662,35.3,5.5,24.8,2875,1315,303,707,357,193,2875,20,316,396,77,277,114,54,253,386,696,102,107,77,2875,2398,291,186,0,2208,59,44,211,123,190,393,231,634,247,76,90437,8417,1505,18,13,77,30,86,252,159,613,181,76
1400000US42003518001,42003518001,5180.01,2774,1915,69,859,31,2.8,27.6,1861,1130,235,395,30,71,1861,8,56,145,39,122,60,39,202,189,829,48,104,20,1861,1636,125,100,0,1577,30,70,81,75,183,311,202,339,188,98,96763,8336,859,19,10,0,10,68,134,171,232,155,60
1400000US42003261400,42003261400,2614,1619,903,55.8,716,44.2,11.1,26.8,803,287,178,157,44,137,803,0,20,145,0,59,60,0,74,60,274,84,5,22,803,719,56,28,0,984,189,64,145,149,188,137,27,71,7,7,39390,8322,241,11,14,22,23,60,48,27,22,7,7
1400000US42003270100,42003270100,2701,2063,1396,67.7,667,32.3,3.4,20.8,1349,584,197,362,95,111,1349,8,55,102,27,180,95,8,75,142,417,79,116,45,1349,1142,164,43,0,993,12,23,80,91,159,253,180,98,61,36,73621,8321,624,0,0,43,57,68,173,111,75,61,36
1400000US42003523100,42003523100,5231,3145,1897,60.3,1248,39.7,11.3,31.6,1682,543,373,447,100,219,1682,0,74,138,51,134,122,30,161,208,493,174,71,26,1682,1424,227,31,0,1528,146,46,146,157,378,155,248,207,45,0,59351,8215,1027,68,29,35,44,311,109,207,179,45,0
1400000US42003475102,42003475102,4751.02,1307,850,65,457,35,4.6,28.8,811,374,119,232,50,36,811,9,38,42,60,115,33,23,61,89,231,76,20,14,811,655,84,65,7,642,31,15,15,54,57,141,103,135,55,36,88667,8182,497,26,4,4,33,37,89,92,125,55,32
1400000US42003428100,42003428100,4281,1036,658,63.5,378,36.5,5.8,21.4,620,240,101,125,61,93,620,0,37,65,26,49,16,15,76,52,183,68,18,15,620,559,46,15,0,508,38,21,52,52,53,166,45,65,8,8,61061,8167,323,20,1,0,34,27,122,38,65,8,8
1400000US42003564000,42003564000,5640,4864,3541,72.8,1323,27.2,4,26.9,3383,1396,458,897,300,332,3383,58,189,461,116,267,253,21,379,421,726,265,211,16,3383,2869,305,209,0,2447,54,60,156,305,324,469,243,371,279,186,90022,8164,1447,22,25,70,80,110,291,133,303,227,186
1400000US42003464300,42003464300,4643,2809,2002,71.3,807,28.7,4.9,22.7,1904,571,287,613,143,290,1904,57,116,67,139,424,104,15,63,300,369,194,18,38,1904,1711,109,84,0,1606,51,125,189,183,257,308,256,203,19,15,60208,8154,876,0,56,54,70,135,208,171,148,19,15
1400000US42003070500,42003070500,705,3045,2224,73,821,27,2.7,22.7,2163,1850,72,216,10,15,2163,0,52,120,21,169,29,55,126,517,898,102,35,39,2163,1948,130,85,0,1789,225,49,183,155,253,367,89,245,112,111,75296,8062,479,39,7,32,0,72,71,16,77,82,83
1400000US42003429600,42003429600,4296,2595,1886,72.7,709,27.3,3.3,31.4,1823,969,230,419,102,103,1823,15,94,101,44,124,79,114,249,220,485,161,110,27,1823,1638,60,125,0,1540,57,6,119,202,216,325,172,348,34,61,75251,8011,705,18,6,44,77,93,100,72,261,12,22
1400000US42003564500,42003564500,5645,2486,1551,62.4,935,37.6,7,32.5,1442,486,179,442,103,232,1442,9,120,136,65,140,142,13,78,244,340,79,32,44,1442,1229,160,53,0,1241,48,56,69,84,237,165,217,260,67,38,78793,7982,886,25,8,31,41,222,132,136,219,36,36
1400000US42003520001,42003520001,5200.01,2647,1433,54.1,1214,45.9,6.5,32.5,1340,720,127,278,47,168,1340,12,18,115,44,136,120,55,157,167,421,40,38,17,1340,1186,72,82,0,1501,58,63,152,192,212,289,180,178,111,66,72509,7976,863,0,22,22,42,157,222,141,114,97,46
1400000US42003429700,42003429700,4297,2052,1291,62.9,761,37.1,3.4,24.5,1238,514,256,273,61,134,1238,0,91,97,34,167,42,55,129,107,251,150,50,65,1238,1082,122,29,5,1064,27,44,143,100,159,147,228,130,64,22,72646,7963,666,0,12,9,53,112,103,168,123,64,22
1400000US42003413300,42003413300,4133,3851,2390,62.1,1461,37.9,4.3,25.4,2278,1141,317,601,119,100,2278,22,107,166,44,199,108,65,222,342,675,129,74,125,2278,1849,265,164,0,1934,46,104,156,147,189,305,295,381,199,112,90652,7958,1237,0,6,8,75,100,186,210,373,174,105
1400000US42003418000,42003418000,4180,1528,977,63.9,551,36.1,9,24.4,889,401,126,222,65,75,889,0,47,146,50,87,43,5,27,109,271,34,46,24,889,772,79,33,5,826,42,26,86,88,114,175,123,104,39,29,70556,7918,503,16,5,22,17,56,112,108,107,36,24
1400000US42003460001,42003460001,4600.01,4006,2591,64.7,1415,35.3,3.1,25.9,2495,913,314,864,233,171,2495,26,201,133,160,315,90,97,255,188,689,227,52,62,2495,2267,184,44,0,2041,55,78,96,198,284,341,398,434,102,55,84252,7850,1432,8,30,10,110,159,232,342,431,64,46
1400000US42003526202,42003526202,5262.02,3837,2610,68,1227,32,9.5,27.2,2362,843,350,808,239,122,2362,43,188,152,99,278,98,41,242,204,664,103,228,22,2362,2075,167,120,0,1885,55,93,232,175,193,402,294,357,54,30,70021,7848,1376,14,48,116,70,123,365,259,297,54,30
1400000US42003484300,42003484300,4843,2760,1988,72,772,28,8.8,25.2,1813,606,470,477,163,97,1813,0,94,91,66,186,88,48,133,166,621,198,89,33,1813,1574,111,128,0,1387,48,91,207,266,122,142,218,198,84,11,61583,7794,707,0,29,45,114,69,101,159,150,34,6
1400000US42003453003,42003453003,4530.03,1528,968,63.4,560,36.6,3.9,24.3,930,375,125,267,87,76,930,0,38,99,18,94,58,30,51,143,279,63,14,43,930,805,103,22,0,755,34,6,82,90,107,109,92,164,32,39,78891,7760,525,12,6,25,32,80,63,81,155,32,39
1400000US42003489001,42003489001,4890.01,3763,2192,58.3,1571,41.7,7.1,33.3,2036,937,260,441,123,275,2036,16,121,156,85,194,161,54,133,158,713,101,88,56,2036,1684,212,140,0,2068,107,16,286,148,313,397,251,255,158,137,78557,7749,1214,76,16,15,60,122,248,207,211,135,124
1400000US42003250700,42003250700,2507,500,332,66.4,168,33.6,12.3,23.2,291,95,115,55,22,4,291,0,9,0,0,67,11,0,9,0,64,131,0,0,291,274,17,0,0,303,76,7,96,40,32,30,0,14,8,0,31817,7742,118,22,0,55,15,0,8,0,14,4,0
1400000US42003480101,42003480101,4801.01,4201,2831,67.4,1370,32.6,3.3,31.9,2738,857,679,670,305,227,2738,43,170,202,120,248,133,15,235,330,780,282,153,27,2738,2499,172,67,0,2172,49,149,346,294,289,441,269,222,94,19,60279,7677,1321,0,49,89,160,181,368,210,174,71,19
1400000US42003407001,42003407001,4070.01,4414,2898,65.7,1516,34.3,4.4,37.2,2770,1099,533,494,334,310,2770,39,378,422,70,209,122,37,166,293,800,153,61,20,2770,2485,237,48,0,2366,40,63,308,230,400,359,415,359,133,59,74458,7637,1430,21,0,38,110,251,162,389,287,113,59
1400000US42003521100,42003521100,5211,3970,2834,71.4,1136,28.6,2.6,26.3,2760,1130,617,581,178,254,2760,25,106,136,139,420,135,73,198,293,791,187,180,77,2760,2299,315,146,0,1800,71,20,153,147,247,212,342,380,139,89,84021,7620,1306,20,10,67,70,138,171,286,331,131,82
1400000US42003457100,42003457100,4571,1319,904,68.5,415,31.5,7.7,24.3,834,322,107,239,96,70,834,16,65,70,21,151,37,11,73,113,146,57,42,32,834,720,81,33,0,760,37,94,112,79,135,101,77,82,28,15,55578,7585,376,3,49,0,26,71,55,63,72,22,15
1400000US42003426700,42003426700,4267,1970,1283,65.1,687,34.9,5.2,22.9,1216,477,174,337,114,114,1216,0,100,65,53,112,52,17,114,149,409,83,25,37,1216,1019,133,64,0,1162,24,65,118,117,125,309,166,175,33,30,67504,7582,524,0,0,9,21,26,202,64,151,21,30
1400000US42003492800,42003492800,4928,2142,1180,55.1,962,44.9,20.7,33,936,280,260,287,8,101,936,0,30,63,79,117,53,0,17,29,279,146,28,95,936,626,243,67,0,1220,238,126,157,250,141,120,79,109,0,0,37227,7582,532,27,29,60,93,65,108,41,109,0,0
1400000US42003457200,42003457200,4572,3026,1942,64.2,1084,35.8,5.9,23.3,1828,714,368,466,163,117,1828,45,98,100,54,334,124,6,103,251,393,204,97,19,1828,1683,125,20,0,1768,139,167,154,198,280,332,217,176,58,47,62580,7517,929,51,10,27,78,178,223,150,127,52,33
1400000US42003563800,42003563800,5638,3072,1607,52.3,1465,47.7,2.1,25.7,1569,906,150,322,88,103,1569,28,108,145,50,111,107,16,79,324,429,65,65,42,1569,1333,124,112,0,1695,51,53,119,126,220,267,215,280,149,215,107142,7514,909,3,11,18,27,79,123,129,228,107,184
1400000US42003141100,42003141100,1411,1081,754,69.8,327,30.2,4.9,25.3,717,415,103,144,15,40,717,0,24,20,12,72,31,22,62,76,226,94,48,30,717,558,87,72,0,602,16,31,67,45,70,152,50,128,25,18,73498,7488,321,0,6,6,16,30,75,43,108,25,12
1400000US42003080200,42003080200,802,1450,998,68.8,452,31.2,2.1,27.3,977,470,152,173,103,79,977,0,75,33,13,117,11,41,69,94,220,185,93,26,977,869,44,64,0,871,77,92,82,131,182,104,78,93,21,11,51545,7449,292,5,23,32,34,63,59,16,45,15,0
1400000US42003562900,42003562900,5629,1450,872,60.1,578,39.9,6.4,26.1,816,210,306,166,41,93,816,5,31,51,36,77,18,17,49,166,178,121,32,35,816,744,56,16,0,813,116,55,131,85,143,133,39,69,31,11,50049,7443,462,31,46,66,40,88,81,32,36,31,11
1400000US42003191400,42003191400,1914,2418,1921,79.4,497,20.6,3.8,25.5,1825,742,379,584,87,33,1825,14,91,145,31,272,36,48,150,301,268,320,76,73,1825,1520,215,90,0,1403,127,89,199,114,143,228,160,206,110,27,67072,7423,488,77,15,33,28,40,78,47,104,48,18
1400000US42003512900,42003512900,5129,742,394,53.1,348,46.9,10.7,27.3,352,70,73,77,45,87,352,0,38,47,0,68,34,11,33,45,47,29,0,0,352,322,17,13,0,510,92,64,109,68,55,78,17,21,6,0,34793,7421,232,36,14,28,43,35,32,17,21,6,0
1400000US42003460002,42003460002,4600.02,2780,1856,66.8,924,33.2,3.2,23.9,1796,810,309,451,154,72,1796,12,98,194,94,121,111,52,207,176,468,127,78,58,1796,1593,148,55,0,1425,27,54,174,110,193,184,202,325,68,88,83575,7414,950,9,0,62,32,123,126,152,290,68,88
1400000US42003191800,42003191800,1918,4274,2758,64.5,1516,35.5,6.7,26.9,2573,947,663,597,206,160,2573,0,226,128,51,309,134,0,248,178,611,354,151,183,2573,2135,322,116,0,2242,58,51,231,416,226,666,289,217,41,47,63247,7405,1283,46,0,63,201,119,379,213,174,41,47
1400000US42003484600,42003484600,4846,1722,1029,59.8,693,40.2,4.9,25.7,979,344,202,242,25,166,979,8,18,54,33,149,8,0,145,124,239,108,12,81,979,805,118,56,0,1046,84,71,127,115,176,232,98,127,0,16,53828,7386,521,0,13,15,84,103,108,66,116,0,16
1400000US42003496101,42003496101,4961.01,2666,1601,60.1,1065,39.9,7.7,32.4,1477,495,239,354,225,164,1477,0,174,161,109,106,48,37,118,90,357,113,112,52,1477,1276,146,55,0,1222,42,39,68,144,71,242,261,288,39,28,78807,7349,949,9,0,0,64,71,206,261,271,39,28
1400000US42003490003,42003490003,4900.03,3187,2253,70.7,934,29.3,3,32.4,2185,1007,423,530,100,125,2185,28,65,200,65,260,68,62,237,392,466,267,34,41,2185,1953,168,64,0,1479,65,13,78,85,197,226,221,364,147,83,92086,7340,1138,25,6,44,40,131,157,175,340,147,73
1400000US42003478100,42003478100,4781,3501,2556,73,945,27,4.9,30.3,2431,675,527,786,257,186,2431,7,111,188,8,371,104,54,228,325,533,285,117,100,2431,2160,215,56,0,1892,90,67,292,156,305,370,227,250,84,51,68283,7336,994,28,31,49,69,119,194,172,228,65,39
1400000US42003191500,42003191500,1915,1732,1268,73.2,464,26.8,5.9,30.7,1193,362,430,201,137,63,1193,4,125,162,43,100,33,8,57,69,167,330,62,33,1193,1107,47,39,0,969,95,28,107,163,182,216,73,86,19,0,50469,7329,279,4,12,30,31,76,69,29,24,4,0
1400000US42003521302,42003521302,5213.02,3842,2379,61.9,1463,38.1,6.6,28.3,2223,1084,346,574,123,96,2223,0,123,198,18,190,110,35,208,212,638,271,114,106,2223,1928,219,76,0,2147,133,65,249,184,457,396,325,256,42,40,61106,7315,1104,53,31,35,154,109,272,190,178,42,40
1400000US42003450800,42003450800,4508,2086,1354,64.9,732,35.1,9.5,24,1225,423,227,283,99,193,1225,26,27,98,80,209,142,11,37,49,202,167,111,66,1225,1002,125,98,0,1190,89,125,177,110,177,234,142,125,11,0,50757,7305,591,9,42,34,62,76,188,99,81,0,0
1400000US42003260200,42003260200,2602,1739,1231,70.8,508,29.2,9,25.2,1120,415,237,252,91,125,1120,0,85,83,25,132,70,27,62,87,345,88,57,59,1120,942,130,48,0,914,64,32,109,132,152,160,107,121,19,18,62246,7293,416,22,28,40,40,45,61,75,74,13,18
1400000US42003526102,42003526102,5261.02,1775,1110,62.5,665,37.5,3.9,27.6,1067,335,219,265,116,132,1067,0,107,118,34,73,47,41,53,97,274,70,108,45,1067,876,97,94,0,893,24,5,134,69,154,139,125,138,78,27,75577,7277,582,5,0,65,38,82,53,147,97,78,17
1400000US42003455000,42003455000,4550,1291,831,64.4,460,35.6,2.7,25.1,808,253,138,274,58,85,808,23,53,89,33,107,64,22,53,80,148,92,12,32,808,703,90,15,0,651,9,3,84,81,38,177,111,104,25,19,76996,7264,420,6,0,18,29,16,135,81,99,17,19
1400000US42003563200,42003563200,5632,2107,1480,70.2,627,29.8,4.6,23.5,1412,750,276,244,17,125,1412,0,22,120,32,112,94,47,103,265,310,193,70,44,1412,1220,112,68,12,1506,315,122,239,153,75,207,174,121,49,51,52718,7236,394,69,22,27,23,51,53,29,54,15,51
1400000US42003281500,42003281500,2815,1241,853,68.7,388,31.3,6.7,23.4,796,274,192,203,80,47,796,0,82,37,53,70,57,7,58,56,187,70,76,43,796,696,71,29,0,674,85,12,63,37,154,215,51,28,21,8,52824,7151,339,4,0,6,8,91,145,43,21,21,0
1400000US42003101700,42003101700,1017,1163,711,61.1,452,38.9,7.5,24.8,658,339,102,66,41,110,658,0,47,23,0,34,40,22,19,105,255,28,29,56,658,519,119,20,0,639,94,55,93,56,94,95,93,54,0,5,45660,7143,256,46,19,28,32,16,27,63,20,0,5
1400000US42003477300,42003477300,4773,5050,3101,61.4,1949,38.6,3.2,31.6,2988,1189,454,836,163,346,2988,12,153,266,56,257,132,42,370,455,867,200,101,77,2988,2639,221,128,0,2538,207,33,437,288,281,301,264,504,110,113,70441,7137,1489,72,33,166,123,126,213,148,411,84,113
1400000US42003517000,42003517000,5170,1480,851,57.5,629,42.5,6.3,23.5,797,241,173,221,54,108,797,0,48,75,10,81,31,13,74,67,249,92,25,32,797,646,97,54,0,956,147,148,150,59,136,89,120,86,13,8,48489,7120,389,37,22,31,22,65,50,79,67,8,8
1400000US42003413201,42003413201,4132.01,3088,2017,65.3,1071,34.7,1.4,24.3,1989,1188,199,467,87,48,1989,21,41,129,39,203,62,20,284,191,720,125,96,58,1989,1753,169,67,0,1604,117,38,108,105,166,248,208,359,226,29,84298,7106,1099,6,0,35,34,111,180,166,323,215,29
1400000US42003562400,42003562400,5624,2098,1481,70.6,617,29.4,10.7,26,1323,351,384,357,124,107,1323,0,60,63,4,132,106,0,31,81,314,245,182,105,1323,1051,241,31,0,1214,89,67,157,331,138,251,76,35,19,51,49182,7092,720,26,3,94,184,69,175,64,47,19,39
1400000US42003040900,42003040900,409,2936,1617,55.1,1319,44.9,10.6,21.5,1445,560,406,286,52,141,1445,0,23,32,10,144,45,44,70,162,522,246,81,66,1445,1285,105,55,0,1288,300,253,168,54,171,178,35,101,21,7,36502,7087,273,22,61,35,12,33,29,25,48,1,7
1400000US42003030500,42003030500,305,1832,820,44.8,1012,55.2,19.1,19.8,663,274,182,126,4,77,663,0,15,13,27,96,22,19,36,127,224,46,15,23,663,596,42,25,0,1096,328,107,256,91,92,116,50,30,10,16,32433,7057,453,113,7,103,71,48,49,16,20,10,16
1400000US42003494000,42003494000,4940,1153,718,62.3,435,37.7,7.7,30.5,663,165,145,176,52,125,663,0,40,37,13,81,84,6,50,55,148,96,47,6,663,590,32,41,0,636,55,58,105,87,66,109,67,58,26,5,53548,7050,369,25,27,22,40,38,84,52,50,26,5
1400000US42003469000,42003469000,4690,4096,2744,67,1352,33,4.4,25.4,2610,1406,345,572,102,185,2610,9,49,161,81,191,113,40,332,502,698,271,94,69,2610,2321,180,109,0,2091,65,34,194,198,152,402,265,400,212,169,93442,6992,1382,25,16,64,106,80,279,155,327,187,143
1400000US42003523502,42003523502,5235.02,1220,798,65.4,422,34.6,12.3,29.3,700,153,216,244,35,52,700,5,30,46,6,157,18,6,26,91,218,66,23,8,700,652,31,17,0,663,42,35,114,133,97,128,60,27,22,5,48813,6957,335,15,0,16,67,52,94,43,27,16,5
1400000US42003515200,42003515200,5152,2009,1447,72,562,28,6.6,27.2,1351,678,196,296,121,60,1351,0,0,151,16,161,29,26,158,180,448,63,101,18,1351,1193,121,37,0,1162,75,24,98,142,296,209,165,128,15,10,58420,6956,589,0,0,49,68,118,131,107,101,15,0
1400000US42003462100,42003462100,4621,2147,1301,60.6,846,39.4,17,21.3,1080,296,283,267,100,134,1080,0,88,63,25,151,61,0,67,143,136,194,60,92,1080,914,110,56,0,1106,82,115,196,117,185,155,124,96,29,7,50952,6863,653,11,79,110,38,115,111,92,78,19,0
1400000US42003503002,42003503002,5030.02,5164,3158,61.2,2006,38.8,2.9,25.4,3066,1095,516,842,260,353,3066,0,128,226,154,330,121,21,190,316,1015,267,139,159,3066,2581,336,149,0,2777,73,125,255,283,433,738,385,455,15,15,62769,6837,1696,66,0,63,80,247,463,358,404,0,15
1400000US42003551300,42003551300,5513,2334,1577,67.6,757,32.4,5,27.5,1498,329,282,466,148,273,1498,42,84,134,25,252,155,55,93,117,288,130,58,65,1498,1260,216,13,9,1250,87,121,130,85,196,247,142,186,48,8,59723,6778,779,49,79,45,16,82,209,103,140,48,8
1400000US42003523501,42003523501,5235.01,3971,2501,63,1470,37,6,29.7,2352,742,407,762,40,401,2352,0,79,149,25,371,219,66,122,358,684,149,69,61,2352,2012,206,134,0,1918,66,63,196,222,346,476,229,262,26,32,64064,6777,1400,46,0,54,123,276,462,210,171,26,32
1400000US42003521301,42003521301,5213.01,3514,2009,57.2,1505,42.8,2.7,25.6,1955,731,469,513,124,118,1955,0,60,102,32,232,167,71,197,203,527,127,186,51,1955,1464,250,225,16,2096,372,92,318,249,275,251,125,321,49,44,52935,6770,862,67,0,78,50,144,108,74,265,32,44
1400000US42003479000,42003479000,4790,1724,1163,67.5,561,32.5,6.9,25.8,1083,408,211,297,67,100,1083,12,28,70,27,168,45,39,172,88,229,149,29,27,1083,1003,62,18,0,859,50,22,75,54,134,171,135,138,43,37,76771,6761,548,29,0,19,21,73,100,116,131,35,24
1400000US42003401300,42003401300,4013,2338,1540,65.9,798,34.1,7.1,25.5,1431,541,177,401,98,214,1431,0,87,248,12,212,68,36,57,71,499,95,31,15,1431,1264,69,98,0,1102,27,36,55,87,165,294,234,152,24,28,73590,6754,878,0,9,39,87,117,262,185,127,24,28
1400000US42003425000,42003425000,4250,2810,1929,68.6,881,31.4,4.5,22.8,1843,436,401,649,115,242,1843,0,57,183,64,320,122,7,107,193,327,303,126,34,1843,1672,120,51,0,1484,62,62,268,214,152,363,183,141,6,33,57914,6734,822,0,40,26,111,104,251,123,144,6,17
1400000US42003261200,42003261200,2612,931,666,71.5,265,28.5,3.8,21.1,641,203,128,223,43,44,641,0,40,18,41,73,39,33,50,73,152,40,24,58,641,506,135,0,0,505,8,5,24,60,59,121,73,135,15,5,76929,6712,271,0,0,0,17,17,86,38,93,15,5
1400000US42003563000,42003563000,5630,2533,1762,69.6,771,30.4,6,25,1657,591,394,405,102,165,1657,0,62,85,92,113,80,86,178,286,299,228,59,89,1657,1381,208,68,0,1293,97,57,64,99,203,308,304,117,32,12,63342,6683,724,46,23,40,42,120,162,168,87,32,4
1400000US42003521200,42003521200,5212,3536,2318,65.6,1218,34.4,6.6,27.4,2165,855,259,654,109,288,2165,0,69,252,83,296,111,72,97,310,630,146,64,35,2165,1950,157,58,0,1922,49,12,264,257,247,509,305,255,0,24,62188,6679,1018,58,0,55,91,179,254,235,122,0,24
1400000US42003192000,42003192000,1920,3029,2125,70.2,904,29.8,7.2,26.8,1971,576,419,652,60,264,1971,10,26,130,59,275,80,47,350,209,373,289,48,75,1971,1793,163,15,0,1580,179,59,167,191,254,302,201,136,58,33,58689,6641,846,26,18,28,90,161,183,137,112,58,33
1400000US42003486800,42003486800,4868,1269,853,67.2,416,32.8,17.5,23.5,704,131,212,228,59,74,704,12,59,40,0,98,33,0,19,77,204,79,71,12,704,619,47,38,0,721,101,123,109,117,56,110,66,33,6,0,38272,6636,363,19,41,32,97,55,62,47,10,0,0
1400000US42003431500,42003431500,4315,2904,2138,73.6,766,26.4,3.2,25.5,2070,704,346,697,154,169,2070,0,60,123,9,529,59,18,205,316,412,197,124,18,2070,1943,98,29,0,1728,197,206,154,201,402,277,155,100,26,10,47252,6627,626,24,52,47,15,89,161,145,57,26,10
1400000US42003488400,42003488400,4884,3844,2426,63.1,1418,36.9,6.8,27.6,2262,678,580,409,184,411,2262,17,138,234,63,100,105,18,340,194,601,203,126,123,2262,1876,285,101,0,2122,169,155,332,248,283,450,191,205,76,13,54369,6577,1214,26,39,102,193,99,348,139,179,76,13
1400000US42003560600,42003560600,5606,892,567,63.6,325,36.4,19.9,26.7,454,177,111,124,6,36,454,0,0,18,0,73,13,12,46,42,136,34,64,16,454,349,38,67,0,585,155,72,88,66,80,85,22,11,6,0,29941,6549,127,5,28,22,28,10,18,10,0,6,0
1400000US42003448000,42003448000,4480,999,625,62.6,374,37.4,3.2,30,605,226,106,168,39,66,605,0,55,51,23,87,23,0,39,51,160,67,33,16,605,504,46,55,0,561,28,54,76,44,87,131,74,37,21,9,56875,6541,296,18,0,21,26,53,84,31,37,17,9
1400000US42003459202,42003459202,4592.02,667,565,84.7,102,15.3,1.9,24.3,554,257,61,159,23,54,554,3,28,36,19,83,57,3,66,67,126,43,19,4,554,488,41,25,0,490,5,8,40,49,92,141,68,72,5,10,66071,6523,129,0,0,18,17,25,23,25,18,3,0
1400000US42003562800,42003562800,5628,1389,943,67.9,446,32.1,9.2,21,856,279,97,323,77,80,856,10,40,59,104,151,18,17,157,82,133,37,31,17,856,744,87,25,0,792,104,68,104,46,87,187,84,87,15,10,53902,6520,366,38,22,22,5,50,107,42,55,15,10
1400000US42003489002,42003489002,4890.02,3072,2184,71.1,888,28.9,8.3,29.8,1994,1029,251,552,54,108,1994,0,88,144,28,256,70,30,221,239,668,118,94,38,1994,1714,229,51,0,1532,95,0,108,82,127,263,240,460,99,58,89071,6515,1029,32,0,14,32,88,151,192,378,84,58
1400000US42003488200,42003488200,4882,2840,1723,60.7,1117,39.3,16,27.3,1448,418,314,458,95,163,1448,0,72,136,34,176,103,0,126,170,398,116,58,59,1448,1242,155,51,0,1284,195,110,119,101,179,225,224,88,26,17,52740,6503,830,80,51,40,77,133,149,182,84,26,8
1400000US42003515100,42003515100,5151,2208,1528,69.2,680,30.8,11.3,34.2,1355,322,289,476,73,195,1355,7,75,44,50,253,51,29,81,144,418,106,57,40,1355,1163,157,35,0,1349,239,75,152,246,214,255,94,66,0,8,40587,6497,676,79,12,41,168,70,157,75,66,0,8
1400000US42003429300,42003429300,4293,4626,2887,62.4,1739,37.6,4.2,25.7,2765,1595,222,560,143,245,2765,16,155,255,96,324,215,33,331,263,718,230,46,83,2765,2359,256,150,0,2350,57,40,277,116,325,430,406,443,143,113,83099,6492,1458,0,0,103,22,167,186,329,395,143,113
1400000US42003191900,42003191900,1919,1690,1209,71.5,481,28.5,1.9,24.8,1186,445,306,212,102,121,1186,0,101,71,24,55,64,25,107,146,319,133,60,81,1186,1005,131,43,7,940,67,33,91,114,123,215,111,163,23,0,61513,6489,483,33,14,6,52,85,90,82,98,23,0
1400000US42003250900,42003250900,2509,909,605,66.6,304,33.4,19.5,26.6,487,138,124,122,24,79,487,0,38,4,6,22,28,0,87,72,120,33,60,17,487,432,22,33,0,603,125,82,83,96,82,46,58,16,10,5,36693,6473,310,46,15,20,88,37,33,49,7,10,5
1400000US42003080400,42003080400,804,1466,996,67.9,470,32.1,3.4,24.7,962,508,192,200,29,33,962,21,30,26,9,81,46,17,21,89,443,127,30,22,962,856,77,29,0,805,126,58,143,73,82,130,124,21,35,13,48577,6462,227,6,17,27,22,51,22,44,8,30,0
1400000US42003130400,42003130400,1304,778,413,53.1,365,46.9,15,25.9,351,54,134,76,22,65,351,10,5,26,4,24,16,0,19,57,95,83,0,12,351,326,25,0,0,430,152,12,66,62,24,87,22,4,1,0,29350,6422,257,101,0,38,25,23,65,0,4,1,0
1400000US42003496200,42003496200,4962,4748,2881,60.7,1867,39.3,5.7,29.7,2716,963,381,665,296,411,2716,0,214,441,110,241,76,71,186,303,685,167,152,70,2716,2251,272,193,0,2429,110,196,284,262,299,526,269,327,103,53,63379,6414,1517,12,52,130,96,139,416,229,300,90,53
1400000US42003260900,42003260900,2609,1029,536,52.1,493,47.9,18.1,26.4,439,79,258,60,0,42,439,0,0,41,0,114,29,0,17,27,58,87,48,18,439,418,21,0,0,560,171,153,108,10,50,56,0,12,0,0,22070,6397,386,119,107,65,10,42,31,0,12,0,0
1400000US42003561200,42003561200,5612,957,470,49.1,487,50.9,5.7,18.2,443,107,220,90,5,21,443,0,0,6,8,37,33,0,24,7,236,83,2,7,443,392,51,0,0,498,83,69,61,53,113,65,30,18,6,0,37710,6362,290,15,15,40,49,69,48,30,18,6,0
1400000US42003499300,42003499300,4993,1390,881,63.4,509,36.6,9.8,21.8,795,155,158,281,103,98,795,6,52,89,11,159,58,7,7,62,200,86,51,7,795,736,54,5,0,731,67,86,77,86,163,78,119,40,15,0,48207,6340,460,23,20,39,50,107,65,101,40,15,0
1400000US42003495000,42003495000,4950,2906,1827,62.9,1079,37.1,11.5,32.3,1616,583,280,335,143,275,1616,11,120,247,26,159,170,9,137,117,427,71,40,82,1616,1323,185,108,0,1499,0,130,153,196,220,302,178,266,32,22,64417,6340,858,0,31,32,58,99,221,118,260,32,7
1400000US42003151600,42003151600,1516,2275,1589,69.8,686,30.2,6.1,23.4,1492,880,180,268,39,125,1492,12,45,31,0,96,85,44,80,299,568,174,27,31,1492,1242,126,124,0,1141,30,13,121,128,94,297,184,196,68,10,71909,6332,715,12,4,19,57,61,202,133,162,55,10
1400000US42003429201,42003429201,4292.01,3742,2392,63.9,1350,36.1,2.4,24.8,2322,1250,287,607,86,92,2322,0,69,207,58,210,50,37,436,391,454,233,111,66,2322,2024,184,114,0,1801,48,60,78,108,128,286,423,428,147,95,91309,6272,1234,20,0,37,32,52,190,291,370,147,95
1400000US42003426800,42003426800,4268,4666,3087,66.2,1579,33.8,3.6,28.5,2977,1432,421,777,196,151,2977,20,235,235,59,264,159,71,370,295,808,234,101,126,2977,2567,321,89,0,2248,39,52,108,141,188,475,338,545,258,104,93180,6268,1744,0,34,27,85,114,361,290,536,230,67
1400000US42003472400,42003472400,4724,1526,1126,73.8,400,26.2,6.1,25.6,1057,525,158,255,73,46,1057,16,72,46,31,145,44,27,102,138,238,106,58,34,1057,862,121,74,0,753,15,16,32,55,78,143,188,159,53,14,82176,6262,531,0,4,0,12,43,100,156,154,48,14
1400000US42003526201,42003526201,5262.01,3116,2092,67.1,1024,32.9,6.4,26.4,1959,857,236,521,164,181,1959,10,179,265,51,228,103,0,99,240,549,132,67,36,1959,1728,181,50,0,1529,16,44,106,117,119,359,238,392,58,80,85966,6235,1144,0,9,24,39,74,293,196,371,58,80
1400000US42003407002,42003407002,4070.02,5460,3589,65.7,1871,34.3,3.9,29.3,3450,1243,652,859,317,379,3450,0,183,561,150,385,240,72,212,192,916,194,234,111,3450,3043,199,191,17,2765,171,99,264,280,235,487,456,576,139,58,75674,6221,1836,0,0,91,146,135,368,374,559,121,42
1400000US42003468700,42003468700,4687,1393,843,60.5,550,39.5,5.2,23.7,799,245,151,214,108,81,799,17,79,63,21,87,52,18,61,98,114,122,57,10,799,679,68,52,0,769,73,29,94,63,126,175,80,57,57,15,61330,6191,422,26,18,19,23,58,115,45,52,51,15
1400000US42003401100,42003401100,4011,3861,2549,66,1312,34,5.7,21.1,2404,966,444,491,128,375,2404,17,76,254,70,326,81,25,197,290,654,205,148,61,2404,2029,201,164,10,2030,94,48,175,165,302,658,224,267,97,0,63898,6174,1404,73,0,63,51,249,482,155,234,97,0
1400000US42003523702,42003523702,5237.02,4377,2972,67.9,1405,32.1,6.7,32,2773,1039,300,701,155,578,2773,54,57,344,176,357,172,42,174,426,566,207,29,169,2773,2330,303,140,0,2509,192,144,364,320,325,552,252,198,98,64,57329,6164,1697,36,94,196,156,210,443,252,148,98,64
1400000US42003490004,42003490004,4900.04,4054,3048,75.2,1006,24.8,5.4,33.5,2883,1336,417,719,192,219,2883,27,179,262,100,281,95,84,336,304,731,233,177,74,2883,2621,182,80,0,1915,79,10,67,103,168,437,257,561,134,99,94389,6147,1471,45,0,22,57,116,309,244,454,134,90
1400000US42003451102,42003451102,4511.02,4982,3042,61.1,1940,38.9,7.8,25.6,2793,1079,549,846,119,200,2793,29,101,185,100,404,182,34,283,303,550,451,118,53,2793,2497,187,109,0,2004,112,0,281,137,358,333,223,353,119,88,76373,6142,1115,61,10,27,57,157,141,152,309,113,88
1400000US42003561400,42003561400,5614,3855,2200,57.1,1655,42.9,15.8,31.2,1853,616,564,483,32,158,1853,0,71,65,32,123,73,18,145,180,846,129,43,128,1853,1579,221,53,0,2636,333,116,457,565,458,318,252,57,71,9,43347,6123,947,218,0,94,124,81,167,152,31,71,9
1400000US42003526302,42003526302,5263.02,4241,2963,69.9,1278,30.1,3.7,30.7,2853,996,479,899,286,193,2853,22,221,137,115,472,90,106,318,315,524,248,187,98,2853,2512,238,103,0,2205,60,15,147,206,288,523,500,341,103,22,73565,6110,1481,16,0,63,112,199,285,404,293,87,22
1400000US42003202200,42003202200,2022,2059,1430,69.5,629,30.5,10.6,25.7,1278,404,311,368,60,135,1278,0,71,150,22,111,73,22,53,164,371,156,21,64,1278,1109,111,58,0,1156,87,186,105,146,115,219,194,95,9,0,49673,6069,803,50,107,84,81,90,190,123,69,9,0
1400000US42003449000,42003449000,4490,2128,1479,69.5,649,30.5,3.4,28.7,1429,469,320,370,101,169,1429,13,69,138,29,175,119,17,137,213,287,154,63,15,1429,1218,119,92,0,1008,42,15,49,93,173,169,217,142,76,32,79446,6069,736,19,0,27,48,107,153,154,120,76,32
1400000US42003432400,42003432400,4324,2141,1602,74.8,539,25.2,5.8,23.5,1509,756,202,299,130,122,1509,0,91,79,36,113,36,32,167,223,398,163,109,62,1509,1323,108,78,0,1327,81,56,147,229,276,223,115,167,23,10,55330,6068,519,17,0,18,80,73,100,99,109,23,0
1400000US42003482500,42003482500,4825,1468,921,62.7,547,37.3,7.3,26.4,854,416,129,164,51,94,854,0,31,41,20,64,65,14,63,102,220,101,72,61,854,702,99,53,0,818,103,35,100,93,83,128,103,144,17,12,58904,6030,433,12,17,28,27,40,74,73,136,14,12
1400000US42003241200,42003241200,2412,719,388,54,331,46,2.6,20.9,369,50,117,75,25,102,369,0,25,45,17,27,33,0,11,7,120,58,19,7,369,307,55,7,0,394,69,30,65,52,29,76,46,27,0,0,41913,6020,193,20,0,6,23,19,61,37,27,0,0
1400000US42003488500,42003488500,4885,2468,1675,67.9,793,32.1,7.6,26.7,1548,515,295,435,192,111,1548,0,89,112,34,195,90,42,122,259,399,147,52,7,1548,1425,109,14,0,1265,12,90,170,188,144,214,187,216,27,17,63216,5964,922,0,33,91,98,113,160,178,205,27,17
1400000US42003523400,42003523400,5234,4065,2803,69,1262,31,4.5,30.8,2678,1258,519,660,74,167,2678,15,30,244,23,414,109,72,173,432,726,238,125,77,2678,2341,185,133,19,2339,170,112,313,147,332,657,283,220,84,21,58358,5937,1280,69,28,92,56,199,344,214,205,52,21
1400000US42003428200,42003428200,4282,1789,1252,70,537,30,4,22.9,1202,453,194,337,58,160,1202,0,44,126,44,128,85,32,72,78,364,114,87,28,1202,1091,89,22,0,947,22,19,71,103,124,254,132,184,20,18,72240,5923,508,4,0,4,30,60,129,130,113,20,18
1400000US42003431100,42003431100,4311,2759,2124,77,635,23,5.5,27.1,2008,801,227,633,169,178,2008,48,105,237,44,266,68,19,187,202,526,193,86,27,2008,1835,141,32,0,1712,116,184,191,144,253,313,202,243,47,19,60008,5920,766,6,53,45,37,153,100,119,218,24,11
1400000US42003430100,42003430100,4301,1749,1366,78.1,383,21.9,4.3,23.9,1307,610,188,254,96,159,1307,0,106,121,52,204,75,22,81,162,314,127,32,11,1307,1170,93,44,0,958,41,30,127,38,136,203,162,164,52,5,68259,5889,471,17,5,30,19,51,73,124,125,22,5
1400000US42003270300,42003270300,2703,1680,955,56.8,725,43.2,3,23.5,926,225,219,296,82,104,926,0,75,36,24,138,61,38,27,118,267,50,56,36,926,726,116,73,11,859,56,83,166,118,90,194,66,75,2,9,48987,5878,441,6,34,53,72,4,140,63,67,2,0
1400000US42003485000,42003485000,4850,988,667,67.5,321,32.5,5.4,24.3,631,96,236,159,55,85,631,0,46,66,0,85,34,5,22,33,168,128,11,33,631,531,72,28,0,526,54,27,61,84,96,82,79,34,3,6,50693,5867,290,17,13,25,33,64,51,59,22,3,3
1400000US42003523300,42003523300,5233,3184,2006,63,1178,37,6.3,27.6,1879,781,312,496,75,215,1879,1,40,75,11,260,142,29,208,182,633,103,108,87,1879,1584,232,63,0,1693,46,53,241,178,234,364,289,188,63,37,64935,5861,1063,7,33,82,32,184,252,235,159,42,37
1400000US42003461000,42003461000,4610,976,637,65.3,339,34.7,3,21.1,618,195,159,130,70,64,618,0,59,56,13,63,53,8,66,44,100,68,52,36,618,532,75,11,0,612,36,30,112,100,79,115,77,41,7,15,53203,5822,263,6,10,22,39,39,62,45,25,4,11
1400000US42003492900,42003492900,4929,1800,1036,57.6,764,42.4,13,31.8,901,234,276,287,30,74,901,0,24,83,12,111,40,34,87,61,161,193,50,45,901,793,78,30,0,914,65,40,113,233,206,80,114,53,10,0,45585,5820,560,4,9,72,128,159,54,71,53,10,0
1400000US42003320700,42003320700,3207,1254,818,65.2,436,34.8,7.9,28.6,753,226,189,205,63,70,753,6,26,28,24,91,42,9,80,93,177,95,29,53,753,609,116,28,0,702,54,34,86,125,67,156,91,63,26,0,54806,5817,387,16,21,15,72,44,70,71,52,26,0
1400000US42003320400,42003320400,3204,1601,925,57.8,676,42.2,10.4,26.6,829,202,168,215,99,145,829,0,88,42,13,100,49,49,36,57,219,109,28,39,829,714,77,38,0,814,51,27,85,110,188,183,56,81,23,10,55320,5815,514,43,0,26,58,116,136,50,57,18,10
1400000US42003080700,42003080700,807,1721,1195,69.4,526,30.6,4.4,20.7,1143,722,209,171,23,18,1143,11,6,31,5,38,22,9,81,116,502,226,68,28,1143,1016,67,60,0,1138,134,44,237,178,100,255,107,68,15,0,44437,5781,278,21,9,25,39,8,94,16,66,0,0
1400000US42003431400,42003431400,4314,1646,1122,68.2,524,31.8,4.8,27.2,1068,482,198,256,43,89,1068,6,58,104,28,186,0,0,103,152,271,78,37,45,1068,960,73,35,0,988,147,70,60,133,137,231,109,60,25,16,51668,5769,436,26,13,7,41,61,156,50,45,25,12
1400000US42003563100,42003563100,5631,3167,2135,67.4,1032,32.6,1.8,28.2,2066,767,419,453,109,318,2066,63,86,118,30,305,70,82,181,181,438,316,59,137,2066,1809,244,13,0,1708,45,111,188,225,222,338,240,248,76,15,63728,5757,1036,33,66,21,84,183,218,177,174,65,15
1400000US42003468900,42003468900,4689,3111,2057,66.1,1054,33.9,6.5,23.5,1923,723,284,604,174,138,1923,5,91,86,56,224,95,45,254,253,452,264,85,13,1923,1759,85,79,0,1887,176,121,354,182,174,380,248,142,59,51,57182,5733,914,177,47,20,66,74,215,160,92,24,39
1400000US42003480200,42003480200,4802,2866,1929,67.3,937,32.7,10.5,29,1726,533,274,480,149,290,1726,10,158,94,27,229,134,28,183,120,522,154,48,19,1726,1487,163,67,9,1316,0,54,119,116,146,239,273,296,65,8,74935,5718,985,0,0,51,80,81,189,231,296,57,0
1400000US42003514000,42003514000,5140,1663,1175,70.7,488,29.3,12.1,35.1,1033,211,404,274,34,110,1033,0,20,35,13,144,44,0,78,111,305,223,41,19,1033,935,80,18,0,943,198,123,99,104,134,171,76,32,6,0,37476,5712,535,62,51,55,73,68,134,68,18,6,0
1400000US42003560400,42003560400,5604,1497,946,63.2,551,36.8,13.5,23.8,818,245,298,175,36,64,818,21,21,26,12,93,12,21,43,66,316,110,58,19,818,679,66,50,23,903,110,98,186,148,167,133,44,13,0,4,36363,5698,281,20,16,34,65,71,53,13,9,0,0
1400000US42003500300,42003500300,5003,3126,1894,60.6,1232,39.4,4.6,29.8,1807,372,306,663,211,255,1807,11,176,191,90,312,117,21,148,105,353,77,109,97,1807,1606,160,41,0,1856,127,155,248,186,232,418,285,154,12,39,54780,5695,960,28,18,30,86,164,201,254,128,12,39
1400000US42003526301,42003526301,5263.01,3571,2246,62.9,1325,37.1,3.5,31.1,2167,920,268,549,199,231,2167,20,200,239,29,299,139,40,150,181,649,97,66,58,2167,1850,215,102,0,1725,60,45,115,109,196,483,266,315,79,57,78023,5688,1279,29,0,38,78,110,366,228,294,79,57
1400000US42003464400,42003464400,4644,2624,1600,61,1024,39,5.4,26.7,1514,443,570,187,91,223,1514,0,73,96,126,83,59,17,153,192,425,244,46,0,1514,1440,31,43,0,1584,302,256,277,169,118,244,143,75,0,0,35879,5685,793,87,91,119,115,56,172,101,52,0,0
1400000US42003561100,42003561100,5611,635,275,43.3,360,56.7,17.8,33.7,226,52,111,46,0,17,226,0,6,0,5,38,11,7,12,0,76,57,14,0,226,214,12,0,0,393,77,78,69,38,83,30,7,11,0,0,29681,5673,202,18,44,30,21,59,12,7,11,0,0
1400000US42003487000,42003487000,4870,1554,942,60.6,612,39.4,4.8,29.3,897,280,176,205,65,171,897,28,49,135,30,104,22,13,68,98,214,89,32,15,897,786,71,40,0,912,74,56,184,123,136,132,78,85,32,12,52337,5655,467,30,10,50,41,46,93,78,80,27,12
1400000US42003120400,42003120400,1204,582,303,52.1,279,47.9,27.7,30.8,219,20,55,88,32,24,219,0,37,14,0,10,15,30,13,6,54,11,24,5,219,195,18,6,0,363,102,45,107,41,31,14,13,0,10,0,24824,5639,171,35,17,39,28,25,8,9,0,10,0
1400000US42003300100,42003300100,3001,2542,1637,64.4,905,35.6,18.3,28.3,1338,364,442,340,45,147,1338,0,32,102,0,136,21,9,205,270,338,150,50,25,1338,1080,142,116,0,1382,158,120,233,165,333,137,139,76,21,0,43007,5604,812,104,46,81,63,192,163,124,18,21,0
1400000US42003080900,42003080900,809,1611,1261,78.3,350,21.7,0.9,23.1,1250,789,145,225,45,46,1250,9,36,64,0,121,10,26,114,182,514,103,50,21,1250,1117,89,44,0,989,80,31,35,81,208,258,120,125,28,23,64317,5599,257,16,6,11,6,47,66,23,56,19,7
1400000US42003101400,42003101400,1014,2642,1781,67.4,861,32.6,5.6,26.1,1681,864,297,390,55,75,1681,0,98,89,0,208,94,13,175,187,436,154,119,108,1681,1348,225,108,0,1503,54,90,176,159,255,337,114,242,67,9,61921,5588,776,0,44,54,56,122,173,89,171,67,0
1400000US42003290200,42003290200,2902,3370,2297,68.2,1073,31.8,10.4,26.5,2057,455,486,609,179,328,2057,8,117,127,0,374,96,99,150,232,485,182,95,92,2057,1808,178,61,10,1778,151,90,294,259,253,338,150,173,53,17,52486,5588,985,0,37,96,76,146,262,135,167,49,17
1400000US42003472300,42003472300,4723,1754,1428,81.4,326,18.6,5.9,28.8,1344,620,285,305,44,90,1344,10,39,41,48,100,88,63,160,153,357,179,50,56,1344,1138,151,55,0,966,53,28,107,85,165,204,165,147,8,4,60398,5583,456,17,0,18,23,115,112,84,75,8,4
1400000US42003476100,42003476100,4761,4172,3007,72.1,1165,27.9,2.8,32.4,2922,1254,496,810,239,123,2922,1,301,90,140,365,151,77,215,335,726,256,195,70,2922,2543,188,191,0,2443,29,142,231,379,372,630,315,206,124,15,60610,5582,1232,15,22,51,132,182,352,200,168,110,0
1400000US42003520002,42003520002,5200.02,2778,1939,69.8,839,30.2,9.4,28.5,1757,690,353,502,99,113,1757,0,117,154,25,296,58,0,85,241,424,188,106,63,1757,1541,156,60,0,1501,47,87,202,163,273,325,198,132,55,19,60259,5562,816,15,27,58,39,105,235,159,118,41,19
1400000US42003406000,42003406000,4060,2016,1270,63,746,37,4,27.7,1219,445,186,238,167,183,1219,16,156,134,32,140,76,16,74,97,296,81,50,51,1219,1004,122,93,0,1027,24,18,82,155,116,216,220,135,34,27,70461,5544,703,16,5,20,73,60,165,184,124,29,27
1400000US42003271500,42003271500,2715,2043,1340,65.6,703,34.4,15.1,25.6,1137,346,279,204,52,256,1137,0,111,75,10,87,156,0,110,120,301,56,75,36,1137,959,144,34,0,1007,116,40,147,96,218,221,102,67,0,0,45954,5524,644,66,23,92,64,104,201,27,67,0,0
1400000US42003051100,42003051100,511,103,67,65,36,35,19.4,,54,5,35,8,0,6,54,0,0,6,0,0,0,0,13,0,13,22,0,0,54,49,5,0,0,82,22,0,31,10,13,6,0,0,0,0,24611,5484,38,0,0,14,10,8,6,0,0,0,0
1400000US42003090300,42003090300,903,1635,1131,69.2,504,30.8,11.4,22.3,991,386,239,246,47,73,991,0,54,54,27,172,32,16,83,75,278,88,90,22,991,874,51,66,0,882,61,31,158,108,224,140,70,68,22,0,49126,5472,280,0,9,25,36,72,71,28,26,13,0
1400000US42003040200,42003040200,402,1606,781,48.6,825,51.4,16.8,18.3,650,274,142,153,24,57,650,0,24,47,0,48,24,10,28,37,307,89,29,7,650,560,62,28,0,629,254,41,90,43,114,29,22,13,23,0,29995,5459,189,39,14,22,10,48,16,10,14,16,0
1400000US42003463900,42003463900,4639,2233,1470,65.8,763,34.2,9,21.9,1337,313,393,396,18,217,1337,0,50,131,35,285,75,9,49,129,310,182,76,6,1337,1271,32,34,0,1240,191,66,164,184,183,264,91,75,6,16,44353,5384,555,36,31,97,68,121,86,65,29,6,16
1400000US42003499400,42003499400,4994,2239,1424,63.6,815,36.4,8.2,26,1307,264,292,364,155,232,1307,0,126,109,65,199,74,8,64,65,338,119,126,14,1307,1215,70,22,0,1298,92,67,226,271,241,156,146,99,0,0,45350,5368,617,17,25,96,72,172,67,85,83,0,0
1400000US42003552200,42003552200,5522,716,379,52.9,337,47.1,14.2,30.6,325,109,70,86,16,44,325,0,16,0,33,43,10,0,25,37,91,39,16,15,325,259,23,43,0,491,45,58,177,26,101,45,17,22,0,0,33473,5339,128,2,0,61,0,19,16,8,22,0,0
1400000US42003450700,42003450700,4507,2747,1859,67.7,888,32.3,7.4,21.5,1721,769,359,384,56,153,1721,27,49,103,28,273,64,36,47,224,482,172,150,66,1721,1466,173,82,0,1618,166,106,239,194,191,256,228,192,46,0,52889,5338,817,9,0,90,46,149,176,160,149,38,0
1400000US42003180300,42003180300,1803,1659,1039,62.6,620,37.4,9.8,24.4,937,256,190,275,92,124,937,0,87,41,9,49,94,0,71,200,278,52,3,53,937,743,173,21,0,951,131,74,175,109,216,126,42,74,0,4,38466,5330,555,72,3,61,90,111,158,22,34,0,4
1400000US42003513800,42003513800,5138,1510,633,41.9,877,58.1,13.3,34.2,549,79,241,116,45,68,549,0,33,34,0,106,20,18,34,55,98,130,21,0,549,512,5,32,0,696,112,161,119,86,84,91,20,18,0,5,30566,5322,364,17,70,61,45,69,59,20,18,5,0
1400000US42003501000,42003501000,5010,1440,851,59.1,589,40.9,11,29.4,757,187,221,186,63,100,757,0,38,72,16,103,57,7,55,69,209,96,24,11,757,667,76,14,0,812,69,82,119,152,81,137,78,61,23,10,49870,5320,417,30,11,30,82,57,80,67,35,15,10
1400000US42003480400,42003480400,4804,3844,2368,61.6,1476,38.4,5,26.7,2249,714,389,686,226,234,2249,0,154,105,83,192,226,0,383,205,592,118,160,31,2249,1971,234,44,0,2074,149,130,175,180,284,297,351,481,27,0,64837,5297,1213,14,36,38,66,138,239,239,416,27,0
1400000US42003515300,42003515300,5153,1467,906,61.8,561,38.2,13.1,24.9,787,271,213,235,39,29,787,7,21,26,5,77,6,13,52,117,311,64,66,22,787,608,81,98,0,875,77,110,206,67,154,138,53,62,8,0,40792,5285,356,21,5,87,30,41,88,31,45,8,0
1400000US42003563900,42003563900,5639,3368,2296,68.2,1072,31.8,4.5,30.8,2193,1118,274,481,134,186,2193,3,135,110,30,190,61,11,199,349,708,213,109,75,2193,1891,169,133,0,1973,98,87,209,213,351,337,302,241,89,46,65423,5278,1015,65,12,52,52,84,216,227,207,54,46
1400000US42003310200,42003310200,3102,3017,1763,58.4,1254,41.6,9.5,28.5,1595,457,462,412,196,68,1595,0,144,44,24,206,79,11,159,183,284,167,105,189,1595,1280,251,64,0,1479,22,139,147,177,190,368,171,197,54,14,63431,5273,958,8,40,0,91,194,271,113,173,54,14
1400000US42003130600,42003130600,1306,2251,1134,50.4,1117,49.6,17.4,26.8,937,256,319,169,50,143,937,0,10,79,54,39,69,9,57,79,325,116,79,21,937,878,21,22,16,1419,423,203,227,105,92,203,123,34,0,9,32375,5247,532,86,37,82,26,51,132,96,13,0,9
1400000US42003551200,42003551200,5512,2831,1708,60.3,1123,39.7,17.2,25.7,1414,246,567,337,87,177,1414,0,24,133,27,193,89,0,68,45,507,272,37,19,1414,1307,90,17,0,1686,435,167,283,92,278,166,134,122,9,0,36400,5238,792,170,65,47,56,136,104,112,102,0,0
1400000US42003490002,42003490002,4900.02,3800,2577,67.8,1223,32.2,5.5,27,2434,898,379,720,326,111,2434,13,257,187,47,439,55,66,136,188,635,144,186,81,2434,2104,200,113,17,2130,163,91,209,222,275,541,241,244,66,78,63440,5202,1326,20,22,77,105,79,428,221,230,66,78
1400000US42003552400,42003552400,5524,2357,1394,59.1,963,40.9,8.9,24.6,1270,335,238,369,59,269,1270,0,44,187,24,135,81,15,29,86,361,191,59,58,1270,974,214,82,0,1282,114,154,180,134,185,270,120,115,10,0,47378,5166,697,44,16,31,77,84,207,120,108,10,0
1400000US42003496102,42003496102,4961.02,3703,2275,61.4,1428,38.6,4,32.5,2184,700,328,498,273,385,2184,22,108,338,73,259,128,11,126,284,539,125,99,72,2184,1899,177,108,0,1854,50,145,126,143,169,462,311,367,52,29,71236,5117,1328,22,35,47,20,178,337,290,326,52,21
1400000US42003483800,42003483800,4838,2423,1349,55.7,1074,44.3,6.9,27.8,1256,192,569,287,34,174,1256,0,27,72,15,143,52,27,40,154,320,329,53,24,1256,1118,92,46,0,1395,192,156,362,226,157,171,55,45,23,8,35888,5105,765,62,30,240,145,95,97,20,45,23,8
1400000US42003509400,42003509400,5094,4107,2627,64,1480,36,3.4,24.7,2537,701,599,945,192,100,2537,46,104,91,88,592,76,24,259,222,579,173,195,88,2537,2235,189,113,0,2442,186,272,492,203,422,523,219,102,0,23,43323,5091,1198,43,88,155,109,129,369,182,100,0,23
1400000US42003484500,42003484500,4845,4923,3302,67.1,1621,32.9,5.3,24.9,3127,1024,528,1023,176,376,3127,0,96,163,167,280,120,39,432,393,886,292,205,54,3127,2538,360,229,0,2664,117,164,410,200,374,421,445,368,118,47,64304,5077,1496,19,26,102,75,202,293,306,319,125,29
1400000US42003420000,42003420000,4200,1292,867,67.1,425,32.9,4.3,22.8,830,316,212,219,18,65,830,0,23,72,9,49,51,21,39,85,275,157,49,0,830,753,50,27,0,835,56,73,156,85,157,127,93,74,6,8,48991,5073,361,30,5,29,48,73,73,54,35,6,8
1400000US42003191600,42003191600,1916,3643,2469,67.8,1174,32.2,2.9,27,2398,737,741,495,178,247,2398,0,176,172,15,178,69,69,210,274,639,473,65,58,2398,2040,255,103,0,1901,66,88,222,196,333,418,355,194,21,8,57568,5020,952,45,18,138,48,120,218,217,119,21,8
1400000US42003561000,42003561000,5610,976,661,67.7,315,32.3,12.3,31.1,580,152,169,228,6,25,580,0,11,6,0,83,4,0,46,76,242,65,27,20,580,523,51,6,0,581,110,40,69,147,69,91,22,27,6,0,37454,5016,291,27,40,49,84,17,43,10,15,6,0
1400000US42003404000,42003404000,4040,1153,851,73.8,302,26.2,11.4,23.5,754,267,124,157,60,146,754,0,36,140,19,101,23,13,55,38,198,56,52,23,754,664,69,21,0,646,35,51,82,83,97,144,56,71,15,12,56275,5014,354,14,25,26,35,44,75,48,64,11,12
1400000US42003465600,42003465600,4656,2221,1423,64.1,798,35.9,8.8,25.6,1298,436,335,313,111,103,1298,6,122,45,10,75,106,11,103,212,366,173,39,30,1298,1185,82,31,0,1237,199,58,78,206,183,236,109,139,17,12,52352,5010,499,52,0,12,42,43,103,88,130,17,12
1400000US42003507000,42003507000,5070,1712,1060,61.9,652,38.1,7.9,24.2,976,343,177,217,124,115,976,0,74,26,29,139,80,0,35,71,343,102,42,35,976,819,140,17,0,975,86,71,104,100,196,166,139,76,33,4,54204,4998,556,54,15,67,57,74,107,79,66,33,4
1400000US42003403500,42003403500,4035,3438,2105,61.2,1333,38.8,10.8,27,1877,537,565,254,119,402,1877,18,94,281,69,190,137,0,95,66,667,166,54,40,1877,1687,103,87,0,2026,89,286,302,379,293,412,150,97,10,8,42912,4998,1214,40,72,136,229,154,331,150,84,10,8
1400000US42003523800,42003523800,5238,4035,2459,60.9,1576,39.1,4.2,29,2338,1070,434,517,108,209,2338,28,81,184,57,345,98,78,154,283,637,246,88,59,2338,1960,205,155,18,2194,71,43,200,247,361,671,245,313,25,18,61426,4963,1017,25,0,73,50,114,294,201,234,8,18
1400000US42003498000,42003498000,4980,2181,1418,65,763,35,9.9,27.1,1262,306,145,439,130,242,1262,9,108,187,60,213,46,28,58,125,307,34,50,37,1262,1120,125,17,0,1139,42,67,174,136,163,243,146,118,28,22,58515,4949,701,19,21,92,40,109,160,121,104,13,22
1400000US42003504100,42003504100,5041,4022,2396,59.6,1626,40.4,6.8,31.1,2232,568,565,702,209,188,2232,0,138,206,178,300,132,28,197,138,532,225,131,27,2232,2052,59,121,0,2340,104,230,524,365,284,448,151,139,75,20,47942,4902,1318,63,98,179,189,188,273,106,127,75,20
1400000US42003050100,42003050100,501,1605,985,61.4,620,38.6,19.6,26.9,792,157,234,187,26,188,792,0,20,26,7,43,94,7,75,84,267,95,47,27,792,694,91,7,0,996,189,248,178,116,104,78,27,49,0,7,30475,4897,515,23,147,96,84,66,49,7,43,0,0
1400000US42003470400,42003470400,4704,2474,1531,61.9,943,38.1,5.2,24.2,1452,628,232,422,91,79,1452,8,70,114,62,157,143,47,122,158,351,178,18,24,1452,1150,243,59,0,1340,20,84,122,101,136,253,299,202,113,10,75394,4892,853,0,0,15,41,76,194,241,171,105,10
1400000US42003471000,42003471000,4710,1074,727,67.7,347,32.3,2.5,27.2,709,199,112,234,73,91,709,7,75,58,12,136,31,15,56,98,121,57,21,22,709,654,37,18,0,628,51,17,80,95,99,177,33,58,15,3,51801,4838,269,0,0,22,34,50,86,18,48,8,3
1400000US42003480102,42003480102,4801.02,2678,1598,59.7,1080,40.3,3.1,30.6,1549,555,261,381,100,252,1549,10,138,82,21,249,84,28,118,141,501,88,40,49,1549,1329,155,65,0,1273,34,67,89,160,190,296,225,130,59,23,66479,4751,899,11,19,50,151,105,193,177,111,59,23
1400000US42003497000,42003497000,4970,901,534,59.3,367,40.7,7.3,25.5,495,145,90,126,45,89,495,10,37,67,21,71,17,5,35,23,117,56,12,24,495,417,57,21,0,467,21,8,53,47,68,107,73,60,27,3,66026,4719,311,8,4,14,24,33,82,69,48,26,3
1400000US42003130300,42003130300,1303,979,452,46.2,527,53.8,15.9,27.3,380,86,91,101,31,71,380,0,23,11,7,19,0,0,31,22,114,109,8,36,380,301,51,28,0,619,119,152,105,57,58,73,46,9,0,0,29269,4663,220,37,19,5,11,50,48,46,4,0,0
1400000US42003561600,42003561600,5616,1803,1217,67.5,586,32.5,6.1,28.2,1143,147,410,301,58,227,1143,0,40,94,4,125,160,47,57,129,234,172,54,27,1143,1030,80,33,0,890,142,91,112,116,100,116,136,69,8,0,45100,4653,477,63,7,56,77,58,96,68,44,8,0
1400000US42003050900,42003050900,509,998,557,55.8,441,44.2,29.8,24.8,391,38,190,105,6,52,391,0,6,8,0,54,25,0,10,100,105,63,20,0,391,365,20,6,0,790,252,91,195,157,38,31,12,7,0,7,22435,4645,349,88,32,132,65,17,15,0,0,0,0
1400000US42003417100,42003417100,4171,1722,1103,64.1,619,35.9,4,27.9,1056,388,210,204,61,193,1056,14,39,183,15,109,58,24,60,113,261,115,53,12,1056,940,77,39,0,910,34,16,100,108,146,214,142,131,19,0,60954,4610,584,25,5,36,16,84,182,91,126,19,0
1400000US42003550900,42003550900,5509,1386,656,47.3,730,52.7,24.7,26.5,494,110,100,158,30,96,494,0,14,87,12,28,19,0,67,76,124,53,6,8,494,454,17,23,0,698,114,111,128,62,85,100,68,30,0,0,36612,4598,399,43,54,60,25,57,83,47,30,0,0
1400000US42003416000,42003416000,4160,1485,890,59.9,595,40.1,4.7,25.1,848,275,226,184,79,84,848,3,63,97,20,120,41,10,53,128,155,123,26,9,848,761,43,44,0,832,25,51,114,101,122,195,93,77,40,14,59809,4527,439,0,5,50,58,75,81,64,55,40,11
1400000US42003040500,42003040500,405,3831,2177,56.8,1654,43.2,6.6,15,2033,694,712,545,31,51,2033,7,26,100,8,193,17,43,36,28,1036,439,13,87,2033,1865,142,26,0,1132,359,154,216,129,186,52,19,8,0,9,23770,4515,120,30,29,22,0,22,0,9,8,0,0
1400000US42003290100,42003290100,2901,1662,1114,67,548,33,11.3,30.8,988,302,257,268,75,86,988,0,60,30,54,102,9,6,91,78,299,136,50,73,988,787,177,24,0,907,70,52,179,104,186,196,79,41,0,0,43250,4423,482,14,14,78,59,101,125,55,36,0,0
1400000US42003470600,42003470600,4706,2692,1805,67.1,887,32.9,7.2,26.9,1675,555,360,438,133,189,1675,19,111,83,76,276,149,5,134,140,386,224,26,46,1675,1483,135,47,10,1442,91,40,282,142,189,334,202,142,11,9,53486,4377,808,65,14,101,51,102,197,164,94,11,9
1400000US42003486900,42003486900,4869,981,531,54.1,450,45.9,19.4,24.8,428,67,182,92,39,48,428,0,24,48,8,33,17,0,26,39,129,67,10,27,428,382,46,0,0,540,78,64,76,114,109,67,17,15,0,0,32860,4277,335,55,41,16,90,48,53,17,15,0,0
1400000US42003435000,42003435000,4350,2015,1436,71.3,579,28.7,4.6,26.3,1370,577,231,298,96,168,1370,10,76,93,53,131,99,35,115,187,346,129,73,23,1370,1233,86,51,0,1203,43,38,127,165,146,241,240,137,48,18,64791,4240,536,0,17,28,31,41,106,150,108,49,6
1400000US42003508000,42003508000,5080,1527,804,52.7,723,47.3,22.6,27,622,109,161,179,41,132,622,0,18,83,0,115,23,0,44,52,149,76,51,11,622,566,43,13,0,937,144,126,186,147,146,120,40,27,1,0,32877,4218,400,73,38,46,80,59,49,30,25,0,0
1400000US42003401200,42003401200,4012,2379,1299,54.6,1080,45.4,8.5,20.1,1179,256,336,264,72,251,1179,0,33,243,72,139,112,28,27,140,243,60,62,20,1179,1090,41,48,0,1293,202,105,202,203,152,203,132,83,11,0,41330,4217,724,158,28,28,134,93,122,96,65,0,0
1400000US42003524000,42003524000,5240,2221,1365,61.5,856,38.5,8.8,24.1,1245,403,252,292,138,160,1245,5,111,158,39,142,39,43,62,122,253,178,66,27,1245,1101,87,57,0,1242,133,142,173,134,184,244,100,99,18,15,47788,4096,676,47,64,66,55,75,158,93,97,13,8
1400000US42003120700,42003120700,1207,676,320,47.3,356,52.7,16.3,17.9,268,13,131,69,0,55,268,0,0,0,0,14,59,0,50,22,54,33,30,6,268,231,32,5,0,407,21,88,138,60,35,60,0,5,0,0,28534,4052,132,0,12,35,26,27,32,0,0,0,0
1400000US42003512800,42003512800,5128,943,478,50.7,465,49.3,18.6,31.8,389,36,128,153,30,42,389,0,17,13,4,64,24,0,18,41,130,45,29,4,389,360,20,9,0,611,159,83,116,97,74,61,15,0,6,0,27236,4021,335,88,56,78,36,25,41,11,0,0,0
1400000US42003040600,42003040600,406,2134,1396,65.4,738,34.6,7.4,20.1,1293,608,313,311,61,0,1293,0,41,41,8,132,5,28,56,50,634,259,0,39,1293,1111,158,24,0,892,280,71,206,110,63,98,43,14,7,0,27690,3916,127,17,0,0,40,17,15,31,7,0,0
1400000US42003552100,42003552100,5521,1238,272,22,966,78,2.2,22.8,266,37,171,45,1,12,266,0,1,33,0,10,0,0,13,27,65,99,16,2,266,257,9,0,0,544,174,58,148,105,30,13,7,9,0,0,20710,3893,242,74,18,107,33,10,0,0,0,0,0
1400000US42003551900,42003551900,5519,1421,798,56.2,623,43.8,33.2,35,533,57,174,228,18,56,533,6,19,17,0,140,17,0,9,32,189,56,22,26,533,471,57,5,0,951,191,263,203,142,102,10,19,21,0,0,22219,3528,259,35,94,41,24,34,20,5,6,0,0
1400000US42003427000,42003427000,4270,3105,2237,72,868,28,4.6,23.2,2133,569,580,495,207,282,2133,0,152,145,85,265,110,28,205,187,363,293,158,142,2133,1791,243,99,0,1940,167,123,339,310,372,338,186,59,32,14,44706,3502,778,80,64,70,123,131,160,102,21,21,6
1400000US42003510000,42003510000,5100,1198,787,65.7,411,34.3,6.7,30.6,734,140,312,209,20,53,734,0,11,10,9,70,28,5,64,48,358,88,33,10,734,636,89,9,0,797,117,81,236,133,111,71,27,21,0,0,29563,3324,425,20,27,184,58,55,42,23,16,0,0
1400000US42003130100,42003130100,1301,1238,707,57.1,531,42.9,25.2,32.4,529,122,240,133,0,34,529,0,0,11,0,49,33,14,113,32,146,80,30,21,529,375,101,30,23,777,218,104,194,101,98,36,16,10,0,0,23663,3273,411,109,20,98,92,33,33,16,10,0,0
1400000US42003981800,42003981800,9818,243,120,49.4,123,50.6,6.7,0,112,68,20,12,5,7,112,5,0,1,0,6,0,0,0,0,80,20,0,0,112,111,1,0,0,12,0,0,12,0,0,0,0,0,0,0,19683,1435,0,0,0,0,0,0,0,0,0,0,0
1400000US42003980000,42003980000,9800,0,0,0,0,0,0,0,0,0,0,0,0,0,0,0,0,0,0,0,0,0,0,0,0,0,0,0,0,0,0,0,0,0,0,0,0,0,0,0,0,0,0,0,0,0,0,0,0,0,0,0,0,0,0,0,0
1400000US42003980300,42003980300,9803,0,0,0,0,0,0,0,0,0,0,0,0,0,0,0,0,0,0,0,0,0,0,0,0,0,0,0,0,0,0,0,0,0,0,0,0,0,0,0,0,0,0,0,0,0,0,0,0,0,0,0,0,0,0,0,0
1400000US42003980400,42003980400,9804,0,0,0,0,0,0,0,0,0,0,0,0,0,0,0,0,0,0,0,0,0,0,0,0,0,0,0,0,0,0,0,0,0,0,0,0,0,0,0,0,0,0,0,0,0,0,0,0,0,0,0,0,0,0,0,0
1400000US42003980800,42003980800,9808,0,0,0,0,0,0,0,0,0,0,0,0,0,0,0,0,0,0,0,0,0,0,0,0,0,0,0,0,0,0,0,0,0,0,0,0,0,0,0,0,0,0,0,0,0,0,0,0,0,0,0,0,0,0,0,0
1400000US42003980900,42003980900,9809,1976,0,0,1976,100,0,0,0,0,0,0,0,0,0,0,0,0,0,0,0,0,0,0,0,0,0,0,0,0,0,0,0,0,0,0,0,0,0,0,0,0,0,0,0,0,0,0,0,0,0,0,0,0,0,0,0
1400000US42003981000,42003981000,9810,0,0,0,0,0,0,0,0,0,0,0,0,0,0,0,0,0,0,0,0,0,0,0,0,0,0,0,0,0,0,0,0,0,0,0,0,0,0,0,0,0,0,0,0,0,0,0,0,0,0,0,0,0,0,0,0
1400000US42003981200,42003981200,9812,0,0,0,0,0,0,0,0,0,0,0,0,0,0,0,0,0,0,0,0,0,0,0,0,0,0,0,0,0,0,0,0,0,0,0,0,0,0,0,0,0,0,0,0,0,0,0,0,0,0,0,0,0,0,0,0
1400000US42003980500,42003980500,9805,17,9,52.9,8,47.1,0,0,9,4,0,5,0,0,9,0,0,0,0,0,0,0,0,0,4,5,0,0,9,5,0,4,0,8,0,0,4,0,0,0,0,0,4,0,0,0,4,0,0,0,0,0,0,0,0,4,0
1400000US42003980600,42003980600,9806,3,0,0,3,100,0,0,0,0,0,0,0,0,0,0,0,0,0,0,0,0,0,0,0,0,0,0,0,0,0,0,0,3,0,0,0,0,0,3,0,0,0,0,0,0,0,0,0,0,0,0,0,0,0,0,0
1400000US42003980700,42003980700,9807,4,4,100,0,0,0,0,4,4,0,0,0,0,4,0,0,0,0,0,4,0,0,0,0,0,0,0,4,4,0,0,0,4,0,0,0,0,0,0,0,4,0,0,0,0,0,0,0,0,0,0,0,0,0,0,0
1400000US42003981100,42003981100,9811,4,4,100,0,0,0,0,4,4,0,0,0,0,4,0,0,4,0,0,0,0,0,0,0,0,0,0,4,0,0,4,0,4,0,0,0,0,4,0,0,0,0,0,0,0,0,0,0,0,0,0,0,0,0,0,0
